series_id                     ,year,period,       value,footnote_codes
JTS000000000000000HIL         ,2000,M12,5426.0,
JTS000000000000000HIR         ,2000,M12,4.1,
JTS000000000000000JOL         ,2000,M12,5088.0,
JTS000000000000000JOR         ,2000,M12,3.7,
JTS000000000000000LDL         ,2000,M12,2018.0,
JTS000000000000000LDR         ,2000,M12,1.5,
JTS000000000000000OSL         ,2000,M12,340.0,
JTS000000000000000OSR         ,2000,M12,0.3,
JTS000000000000000QUL         ,2000,M12,2882.0,
JTS000000000000000QUR         ,2000,M12,2.2,
JTS000000000000000TSL         ,2000,M12,5240.0,
JTS000000000000000TSR         ,2000,M12,3.9,
JTS000000000000000UOR         ,2000,M12,1.1,
JTS000000010000000HIL         ,2000,M12,78.0,
JTS000000010000000HIR         ,2000,M12,4.0,
JTS000000010000000JOL         ,2000,M12,68.0,
JTS000000010000000JOR         ,2000,M12,3.4,
JTS000000010000000LDL         ,2000,M12,24.0,
JTS000000010000000LDR         ,2000,M12,1.2,
JTS000000010000000QUL         ,2000,M12,38.0,
JTS000000010000000QUR         ,2000,M12,2.0,
JTS000000010000000TSL         ,2000,M12,68.0,
JTS000000010000000TSR         ,2000,M12,3.5,
JTS000000010000000UOR         ,2000,M12,1.5,
JTS000000020000000HIL         ,2000,M12,21.0,
JTS000000020000000HIR         ,2000,M12,7.3,
JTS000000020000000JOL         ,2000,M12,16.0,
JTS000000020000000JOR         ,2000,M12,5.3,
JTS000000020000000LDL         ,2000,M12,10.0,
JTS000000020000000LDR         ,2000,M12,3.5,
JTS000000020000000QUL         ,2000,M12,11.0,
JTS000000020000000QUR         ,2000,M12,3.8,
JTS000000020000000TSL         ,2000,M12,22.0,
JTS000000020000000TSR         ,2000,M12,7.7,
JTS000000020000000UOR         ,2000,M12,1.3,
JTS000000040000000HIL         ,2000,M12,119.0,
JTS000000040000000HIR         ,2000,M12,5.2,
JTS000000040000000JOL         ,2000,M12,115.0,
JTS000000040000000JOR         ,2000,M12,4.8,
JTS000000040000000LDL         ,2000,M12,53.0,
JTS000000040000000LDR         ,2000,M12,2.3,
JTS000000040000000QUL         ,2000,M12,51.0,
JTS000000040000000QUR         ,2000,M12,2.2,
JTS000000040000000TSL         ,2000,M12,111.0,
JTS000000040000000TSR         ,2000,M12,4.9,
JTS000000040000000UOR         ,2000,M12,0.9,
JTS000000050000000HIL         ,2000,M12,46.0,
JTS000000050000000HIR         ,2000,M12,4.0,
JTS000000050000000JOL         ,2000,M12,39.0,
JTS000000050000000JOR         ,2000,M12,3.3,
JTS000000050000000LDL         ,2000,M12,18.0,
JTS000000050000000LDR         ,2000,M12,1.6,
JTS000000050000000QUL         ,2000,M12,31.0,
JTS000000050000000QUR         ,2000,M12,2.7,
JTS000000050000000TSL         ,2000,M12,53.0,
JTS000000050000000TSR         ,2000,M12,4.6,
JTS000000050000000UOR         ,2000,M12,1.4,
JTS000000060000000HIL         ,2000,M12,696.0,
JTS000000060000000HIR         ,2000,M12,4.7,
JTS000000060000000JOL         ,2000,M12,729.0,
JTS000000060000000JOR         ,2000,M12,4.7,
JTS000000060000000LDL         ,2000,M12,216.0,
JTS000000060000000LDR         ,2000,M12,1.5,
JTS000000060000000QUL         ,2000,M12,310.0,
JTS000000060000000QUR         ,2000,M12,2.1,
JTS000000060000000TSL         ,2000,M12,571.0,
JTS000000060000000TSR         ,2000,M12,3.9,
JTS000000060000000UOR         ,2000,M12,1.1,
JTS000000080000000HIL         ,2000,M12,126.0,
JTS000000080000000HIR         ,2000,M12,5.6,
JTS000000080000000JOL         ,2000,M12,97.0,
JTS000000080000000JOR         ,2000,M12,4.1,
JTS000000080000000LDL         ,2000,M12,39.0,
JTS000000080000000LDR         ,2000,M12,1.7,
JTS000000080000000QUL         ,2000,M12,60.0,
JTS000000080000000QUR         ,2000,M12,2.7,
JTS000000080000000TSL         ,2000,M12,108.0,
JTS000000080000000TSR         ,2000,M12,4.8,
JTS000000080000000UOR         ,2000,M12,0.7,
JTS000000090000000HIL         ,2000,M12,58.0,
JTS000000090000000HIR         ,2000,M12,3.4,
JTS000000090000000JOL         ,2000,M12,58.0,
JTS000000090000000JOR         ,2000,M12,3.3,
JTS000000090000000LDL         ,2000,M12,21.0,
JTS000000090000000LDR         ,2000,M12,1.2,
JTS000000090000000QUL         ,2000,M12,29.0,
JTS000000090000000QUR         ,2000,M12,1.7,
JTS000000090000000TSL         ,2000,M12,54.0,
JTS000000090000000TSR         ,2000,M12,3.2,
JTS000000090000000UOR         ,2000,M12,0.7,
JTS000000100000000HIL         ,2000,M12,21.0,
JTS000000100000000HIR         ,2000,M12,5.0,
JTS000000100000000JOL         ,2000,M12,18.0,
JTS000000100000000JOR         ,2000,M12,4.1,
JTS000000100000000LDL         ,2000,M12,6.0,
JTS000000100000000LDR         ,2000,M12,1.4,
JTS000000100000000QUL         ,2000,M12,10.0,
JTS000000100000000QUR         ,2000,M12,2.4,
JTS000000100000000TSL         ,2000,M12,17.0,
JTS000000100000000TSR         ,2000,M12,4.0,
JTS000000100000000UOR         ,2000,M12,0.9,
JTS000000110000000HIL         ,2000,M12,18.0,
JTS000000110000000HIR         ,2000,M12,2.7,
JTS000000110000000JOL         ,2000,M12,18.0,
JTS000000110000000JOR         ,2000,M12,2.6,
JTS000000110000000LDL         ,2000,M12,6.0,
JTS000000110000000LDR         ,2000,M12,0.9,
JTS000000110000000QUL         ,2000,M12,11.0,
JTS000000110000000QUR         ,2000,M12,1.7,
JTS000000110000000TSL         ,2000,M12,18.0,
JTS000000110000000TSR         ,2000,M12,2.7,
JTS000000110000000UOR         ,2000,M12,1.0,
JTS000000120000000HIL         ,2000,M12,295.0,
JTS000000120000000HIR         ,2000,M12,4.1,
JTS000000120000000JOL         ,2000,M12,262.0,
JTS000000120000000JOR         ,2000,M12,3.5,
JTS000000120000000LDL         ,2000,M12,87.0,
JTS000000120000000LDR         ,2000,M12,1.2,
JTS000000120000000QUL         ,2000,M12,115.0,
JTS000000120000000QUR         ,2000,M12,1.6,
JTS000000120000000TSL         ,2000,M12,219.0,
JTS000000120000000TSR         ,2000,M12,3.1,
JTS000000120000000UOR         ,2000,M12,1.2,
JTS000000130000000HIL         ,2000,M12,181.0,
JTS000000130000000HIR         ,2000,M12,4.5,
JTS000000130000000JOL         ,2000,M12,146.0,
JTS000000130000000JOR         ,2000,M12,3.5,
JTS000000130000000LDL         ,2000,M12,56.0,
JTS000000130000000LDR         ,2000,M12,1.4,
JTS000000130000000QUL         ,2000,M12,95.0,
JTS000000130000000QUR         ,2000,M12,2.4,
JTS000000130000000TSL         ,2000,M12,164.0,
JTS000000130000000TSR         ,2000,M12,4.1,
JTS000000130000000UOR         ,2000,M12,1.0,
JTS000000150000000HIL         ,2000,M12,21.0,
JTS000000150000000HIR         ,2000,M12,3.8,
JTS000000150000000JOL         ,2000,M12,17.0,
JTS000000150000000JOR         ,2000,M12,3.0,
JTS000000150000000LDL         ,2000,M12,9.0,
JTS000000150000000LDR         ,2000,M12,1.6,
JTS000000150000000QUL         ,2000,M12,12.0,
JTS000000150000000QUR         ,2000,M12,2.1,
JTS000000150000000TSL         ,2000,M12,22.0,
JTS000000150000000TSR         ,2000,M12,3.9,
JTS000000150000000UOR         ,2000,M12,1.4,
JTS000000160000000HIL         ,2000,M12,35.0,
JTS000000160000000HIR         ,2000,M12,6.2,
JTS000000160000000JOL         ,2000,M12,27.0,
JTS000000160000000JOR         ,2000,M12,4.6,
JTS000000160000000LDL         ,2000,M12,16.0,
JTS000000160000000LDR         ,2000,M12,2.8,
JTS000000160000000QUL         ,2000,M12,16.0,
JTS000000160000000QUR         ,2000,M12,2.8,
JTS000000160000000TSL         ,2000,M12,34.0,
JTS000000160000000TSR         ,2000,M12,6.0,
JTS000000160000000UOR         ,2000,M12,1.2,
JTS000000170000000HIL         ,2000,M12,195.0,
JTS000000170000000HIR         ,2000,M12,3.2,
JTS000000170000000JOL         ,2000,M12,206.0,
JTS000000170000000JOR         ,2000,M12,3.3,
JTS000000170000000LDL         ,2000,M12,88.0,
JTS000000170000000LDR         ,2000,M12,1.5,
JTS000000170000000QUL         ,2000,M12,145.0,
JTS000000170000000QUR         ,2000,M12,2.4,
JTS000000170000000TSL         ,2000,M12,244.0,
JTS000000170000000TSR         ,2000,M12,4.0,
JTS000000170000000UOR         ,2000,M12,1.5,
JTS000000180000000HIL         ,2000,M12,114.0,
JTS000000180000000HIR         ,2000,M12,3.8,
JTS000000180000000JOL         ,2000,M12,102.0,
JTS000000180000000JOR         ,2000,M12,3.3,
JTS000000180000000LDL         ,2000,M12,48.0,
JTS000000180000000LDR         ,2000,M12,1.6,
JTS000000180000000QUL         ,2000,M12,72.0,
JTS000000180000000QUR         ,2000,M12,2.4,
JTS000000180000000TSL         ,2000,M12,126.0,
JTS000000180000000TSR         ,2000,M12,4.2,
JTS000000180000000UOR         ,2000,M12,1.0,
JTS000000190000000HIL         ,2000,M12,56.0,
JTS000000190000000HIR         ,2000,M12,3.8,
JTS000000190000000JOL         ,2000,M12,57.0,
JTS000000190000000JOR         ,2000,M12,3.7,
JTS000000190000000LDL         ,2000,M12,24.0,
JTS000000190000000LDR         ,2000,M12,1.6,
JTS000000190000000QUL         ,2000,M12,36.0,
JTS000000190000000QUR         ,2000,M12,2.4,
JTS000000190000000TSL         ,2000,M12,63.0,
JTS000000190000000TSR         ,2000,M12,4.3,
JTS000000190000000UOR         ,2000,M12,0.8,
JTS000000200000000HIL         ,2000,M12,51.0,
JTS000000200000000HIR         ,2000,M12,3.8,
JTS000000200000000JOL         ,2000,M12,50.0,
JTS000000200000000JOR         ,2000,M12,3.6,
JTS000000200000000LDL         ,2000,M12,26.0,
JTS000000200000000LDR         ,2000,M12,1.9,
JTS000000200000000QUL         ,2000,M12,34.0,
JTS000000200000000QUR         ,2000,M12,2.5,
JTS000000200000000TSL         ,2000,M12,63.0,
JTS000000200000000TSR         ,2000,M12,4.7,
JTS000000200000000UOR         ,2000,M12,1.1,
JTS000000210000000HIL         ,2000,M12,51.0,
JTS000000210000000HIR         ,2000,M12,2.8,
JTS000000210000000JOL         ,2000,M12,39.0,
JTS000000210000000JOR         ,2000,M12,2.1,
JTS000000210000000LDL         ,2000,M12,13.0,
JTS000000210000000LDR         ,2000,M12,0.7,
JTS000000210000000QUL         ,2000,M12,22.0,
JTS000000210000000QUR         ,2000,M12,1.2,
JTS000000210000000TSL         ,2000,M12,40.0,
JTS000000210000000TSR         ,2000,M12,2.2,
JTS000000210000000UOR         ,2000,M12,2.2,
JTS000000220000000HIL         ,2000,M12,90.0,
JTS000000220000000HIR         ,2000,M12,4.7,
JTS000000220000000JOL         ,2000,M12,72.0,
JTS000000220000000JOR         ,2000,M12,3.6,
JTS000000220000000LDL         ,2000,M12,26.0,
JTS000000220000000LDR         ,2000,M12,1.4,
JTS000000220000000QUL         ,2000,M12,47.0,
JTS000000220000000QUR         ,2000,M12,2.4,
JTS000000220000000TSL         ,2000,M12,79.0,
JTS000000220000000TSR         ,2000,M12,4.1,
JTS000000220000000UOR         ,2000,M12,1.5,
JTS000000230000000HIL         ,2000,M12,25.0,
JTS000000230000000HIR         ,2000,M12,4.1,
JTS000000230000000JOL         ,2000,M12,26.0,
JTS000000230000000JOR         ,2000,M12,4.1,
JTS000000230000000LDL         ,2000,M12,12.0,
JTS000000230000000LDR         ,2000,M12,2.0,
JTS000000230000000QUL         ,2000,M12,15.0,
JTS000000230000000QUR         ,2000,M12,2.5,
JTS000000230000000TSL         ,2000,M12,29.0,
JTS000000230000000TSR         ,2000,M12,4.8,
JTS000000230000000UOR         ,2000,M12,0.8,
JTS000000240000000HIL         ,2000,M12,99.0,
JTS000000240000000HIR         ,2000,M12,4.0,
JTS000000240000000JOL         ,2000,M12,99.0,
JTS000000240000000JOR         ,2000,M12,3.8,
JTS000000240000000LDL         ,2000,M12,34.0,
JTS000000240000000LDR         ,2000,M12,1.4,
JTS000000240000000QUL         ,2000,M12,53.0,
JTS000000240000000QUR         ,2000,M12,2.1,
JTS000000240000000TSL         ,2000,M12,95.0,
JTS000000240000000TSR         ,2000,M12,3.8,
JTS000000240000000UOR         ,2000,M12,1.0,
JTS000000250000000HIL         ,2000,M12,117.0,
JTS000000250000000HIR         ,2000,M12,3.5,
JTS000000250000000JOL         ,2000,M12,116.0,
JTS000000250000000JOR         ,2000,M12,3.3,
JTS000000250000000LDL         ,2000,M12,41.0,
JTS000000250000000LDR         ,2000,M12,1.2,
JTS000000250000000QUL         ,2000,M12,60.0,
JTS000000250000000QUR         ,2000,M12,1.8,
JTS000000250000000TSL         ,2000,M12,108.0,
JTS000000250000000TSR         ,2000,M12,3.2,
JTS000000250000000UOR         ,2000,M12,0.8,
JTS000000260000000HIL         ,2000,M12,191.0,
JTS000000260000000HIR         ,2000,M12,4.1,
JTS000000260000000JOL         ,2000,M12,185.0,
JTS000000260000000JOR         ,2000,M12,3.8,
JTS000000260000000LDL         ,2000,M12,84.0,
JTS000000260000000LDR         ,2000,M12,1.8,
JTS000000260000000QUL         ,2000,M12,107.0,
JTS000000260000000QUR         ,2000,M12,2.3,
JTS000000260000000TSL         ,2000,M12,202.0,
JTS000000260000000TSR         ,2000,M12,4.3,
JTS000000260000000UOR         ,2000,M12,1.2,
JTS000000270000000HIL         ,2000,M12,120.0,
JTS000000270000000HIR         ,2000,M12,4.4,
JTS000000270000000JOL         ,2000,M12,146.0,
JTS000000270000000JOR         ,2000,M12,5.1,
JTS000000270000000LDL         ,2000,M12,47.0,
JTS000000270000000LDR         ,2000,M12,1.7,
JTS000000270000000QUL         ,2000,M12,70.0,
JTS000000270000000QUR         ,2000,M12,2.6,
JTS000000270000000TSL         ,2000,M12,123.0,
JTS000000270000000TSR         ,2000,M12,4.6,
JTS000000270000000UOR         ,2000,M12,0.6,
JTS000000280000000HIL         ,2000,M12,49.0,
JTS000000280000000HIR         ,2000,M12,4.3,
JTS000000280000000JOL         ,2000,M12,42.0,
JTS000000280000000JOR         ,2000,M12,3.5,
JTS000000280000000LDL         ,2000,M12,18.0,
JTS000000280000000LDR         ,2000,M12,1.6,
JTS000000280000000QUL         ,2000,M12,26.0,
JTS000000280000000QUR         ,2000,M12,2.3,
JTS000000280000000TSL         ,2000,M12,48.0,
JTS000000280000000TSR         ,2000,M12,4.2,
JTS000000280000000UOR         ,2000,M12,1.6,
JTS000000290000000HIL         ,2000,M12,124.0,
JTS000000290000000HIR         ,2000,M12,4.5,
JTS000000290000000JOL         ,2000,M12,102.0,
JTS000000290000000JOR         ,2000,M12,3.6,
JTS000000290000000LDL         ,2000,M12,53.0,
JTS000000290000000LDR         ,2000,M12,1.9,
JTS000000290000000QUL         ,2000,M12,85.0,
JTS000000290000000QUR         ,2000,M12,3.1,
JTS000000290000000TSL         ,2000,M12,144.0,
JTS000000290000000TSR         ,2000,M12,5.2,
JTS000000290000000UOR         ,2000,M12,1.2,
JTS000000300000000HIL         ,2000,M12,22.0,
JTS000000300000000HIR         ,2000,M12,5.6,
JTS000000300000000JOL         ,2000,M12,17.0,
JTS000000300000000JOR         ,2000,M12,4.2,
JTS000000300000000LDL         ,2000,M12,11.0,
JTS000000300000000LDR         ,2000,M12,2.8,
JTS000000300000000QUL         ,2000,M12,13.0,
JTS000000300000000QUR         ,2000,M12,3.3,
JTS000000300000000TSL         ,2000,M12,25.0,
JTS000000300000000TSR         ,2000,M12,6.4,
JTS000000300000000UOR         ,2000,M12,1.3,
JTS000000310000000HIL         ,2000,M12,39.0,
JTS000000310000000HIR         ,2000,M12,4.3,
JTS000000310000000JOL         ,2000,M12,39.0,
JTS000000310000000JOR         ,2000,M12,4.1,
JTS000000310000000LDL         ,2000,M12,15.0,
JTS000000310000000LDR         ,2000,M12,1.6,
JTS000000310000000QUL         ,2000,M12,22.0,
JTS000000310000000QUR         ,2000,M12,2.4,
JTS000000310000000TSL         ,2000,M12,39.0,
JTS000000310000000TSR         ,2000,M12,4.3,
JTS000000310000000UOR         ,2000,M12,0.7,
JTS000000320000000HIL         ,2000,M12,51.0,
JTS000000320000000HIR         ,2000,M12,4.9,
JTS000000320000000JOL         ,2000,M12,37.0,
JTS000000320000000JOR         ,2000,M12,3.4,
JTS000000320000000LDL         ,2000,M12,22.0,
JTS000000320000000LDR         ,2000,M12,2.1,
JTS000000320000000QUL         ,2000,M12,25.0,
JTS000000320000000QUR         ,2000,M12,2.4,
JTS000000320000000TSL         ,2000,M12,51.0,
JTS000000320000000TSR         ,2000,M12,4.9,
JTS000000320000000UOR         ,2000,M12,1.3,
JTS000000330000000HIL         ,2000,M12,26.0,
JTS000000330000000HIR         ,2000,M12,4.1,
JTS000000330000000JOL         ,2000,M12,28.0,
JTS000000330000000JOR         ,2000,M12,4.3,
JTS000000330000000LDL         ,2000,M12,13.0,
JTS000000330000000LDR         ,2000,M12,2.1,
JTS000000330000000QUL         ,2000,M12,14.0,
JTS000000330000000QUR         ,2000,M12,2.2,
JTS000000330000000TSL         ,2000,M12,28.0,
JTS000000330000000TSR         ,2000,M12,4.5,
JTS000000330000000UOR         ,2000,M12,0.6,
JTS000000340000000HIL         ,2000,M12,143.0,
JTS000000340000000HIR         ,2000,M12,3.6,
JTS000000340000000JOL         ,2000,M12,160.0,
JTS000000340000000JOR         ,2000,M12,3.8,
JTS000000340000000LDL         ,2000,M12,56.0,
JTS000000340000000LDR         ,2000,M12,1.4,
JTS000000340000000QUL         ,2000,M12,63.0,
JTS000000340000000QUR         ,2000,M12,1.6,
JTS000000340000000TSL         ,2000,M12,128.0,
JTS000000340000000TSR         ,2000,M12,3.2,
JTS000000340000000UOR         ,2000,M12,1.0,
JTS000000350000000HIL         ,2000,M12,39.0,
JTS000000350000000HIR         ,2000,M12,5.2,
JTS000000350000000JOL         ,2000,M12,31.0,
JTS000000350000000JOR         ,2000,M12,4.0,
JTS000000350000000LDL         ,2000,M12,16.0,
JTS000000350000000LDR         ,2000,M12,2.1,
JTS000000350000000QUL         ,2000,M12,18.0,
JTS000000350000000QUR         ,2000,M12,2.4,
JTS000000350000000TSL         ,2000,M12,37.0,
JTS000000350000000TSR         ,2000,M12,4.9,
JTS000000350000000UOR         ,2000,M12,1.4,
JTS000000360000000HIL         ,2000,M12,258.0,
JTS000000360000000HIR         ,2000,M12,3.0,
JTS000000360000000JOL         ,2000,M12,318.0,
JTS000000360000000JOR         ,2000,M12,3.5,
JTS000000360000000LDL         ,2000,M12,98.0,
JTS000000360000000LDR         ,2000,M12,1.1,
JTS000000360000000QUL         ,2000,M12,142.0,
JTS000000360000000QUR         ,2000,M12,1.6,
JTS000000360000000TSL         ,2000,M12,259.0,
JTS000000360000000TSR         ,2000,M12,3.0,
JTS000000360000000UOR         ,2000,M12,1.2,
JTS000000370000000HIL         ,2000,M12,159.0,
JTS000000370000000HIR         ,2000,M12,4.1,
JTS000000370000000JOL         ,2000,M12,138.0,
JTS000000370000000JOR         ,2000,M12,3.4,
JTS000000370000000LDL         ,2000,M12,51.0,
JTS000000370000000LDR         ,2000,M12,1.3,
JTS000000370000000QUL         ,2000,M12,87.0,
JTS000000370000000QUR         ,2000,M12,2.2,
JTS000000370000000TSL         ,2000,M12,148.0,
JTS000000370000000TSR         ,2000,M12,3.8,
JTS000000370000000UOR         ,2000,M12,1.3,
JTS000000380000000HIL         ,2000,M12,15.0,
JTS000000380000000HIR         ,2000,M12,4.6,
JTS000000380000000JOL         ,2000,M12,14.0,
JTS000000380000000JOR         ,2000,M12,4.1,
JTS000000380000000LDL         ,2000,M12,6.0,
JTS000000380000000LDR         ,2000,M12,1.8,
JTS000000380000000QUL         ,2000,M12,8.0,
JTS000000380000000QUR         ,2000,M12,2.4,
JTS000000380000000TSL         ,2000,M12,15.0,
JTS000000380000000TSR         ,2000,M12,4.6,
JTS000000380000000UOR         ,2000,M12,0.7,
JTS000000390000000HIL         ,2000,M12,249.0,
JTS000000390000000HIR         ,2000,M12,4.4,
JTS000000390000000JOL         ,2000,M12,191.0,
JTS000000390000000JOR         ,2000,M12,3.3,
JTS000000390000000LDL         ,2000,M12,104.0,
JTS000000390000000LDR         ,2000,M12,1.9,
JTS000000390000000QUL         ,2000,M12,109.0,
JTS000000390000000QUR         ,2000,M12,1.9,
JTS000000390000000TSL         ,2000,M12,224.0,
JTS000000390000000TSR         ,2000,M12,4.0,
JTS000000390000000UOR         ,2000,M12,1.2,
JTS000000400000000HIL         ,2000,M12,62.0,
JTS000000400000000HIR         ,2000,M12,4.1,
JTS000000400000000JOL         ,2000,M12,56.0,
JTS000000400000000JOR         ,2000,M12,3.6,
JTS000000400000000LDL         ,2000,M12,23.0,
JTS000000400000000LDR         ,2000,M12,1.5,
JTS000000400000000QUL         ,2000,M12,37.0,
JTS000000400000000QUR         ,2000,M12,2.4,
JTS000000400000000TSL         ,2000,M12,65.0,
JTS000000400000000TSR         ,2000,M12,4.3,
JTS000000400000000UOR         ,2000,M12,0.9,
JTS000000410000000HIL         ,2000,M12,76.0,
JTS000000410000000HIR         ,2000,M12,4.7,
JTS000000410000000JOL         ,2000,M12,64.0,
JTS000000410000000JOR         ,2000,M12,3.8,
JTS000000410000000LDL         ,2000,M12,36.0,
JTS000000410000000LDR         ,2000,M12,2.2,
JTS000000410000000QUL         ,2000,M12,45.0,
JTS000000410000000QUR         ,2000,M12,2.8,
JTS000000410000000TSL         ,2000,M12,86.0,
JTS000000410000000TSR         ,2000,M12,5.3,
JTS000000410000000UOR         ,2000,M12,1.5,
JTS000000420000000HIL         ,2000,M12,180.0,
JTS000000420000000HIR         ,2000,M12,3.2,
JTS000000420000000JOL         ,2000,M12,162.0,
JTS000000420000000JOR         ,2000,M12,2.8,
JTS000000420000000LDL         ,2000,M12,90.0,
JTS000000420000000LDR         ,2000,M12,1.6,
JTS000000420000000QUL         ,2000,M12,110.0,
JTS000000420000000QUR         ,2000,M12,1.9,
JTS000000420000000TSL         ,2000,M12,215.0,
JTS000000420000000TSR         ,2000,M12,3.8,
JTS000000420000000UOR         ,2000,M12,1.6,
JTS000000440000000HIL         ,2000,M12,18.0,
JTS000000440000000HIR         ,2000,M12,3.7,
JTS000000440000000JOL         ,2000,M12,19.0,
JTS000000440000000JOR         ,2000,M12,3.8,
JTS000000440000000LDL         ,2000,M12,8.0,
JTS000000440000000LDR         ,2000,M12,1.7,
JTS000000440000000QUL         ,2000,M12,10.0,
JTS000000440000000QUR         ,2000,M12,2.1,
JTS000000440000000TSL         ,2000,M12,19.0,
JTS000000440000000TSR         ,2000,M12,3.9,
JTS000000440000000UOR         ,2000,M12,1.1,
JTS000000450000000HIL         ,2000,M12,63.0,
JTS000000450000000HIR         ,2000,M12,3.4,
JTS000000450000000JOL         ,2000,M12,52.0,
JTS000000450000000JOR         ,2000,M12,2.7,
JTS000000450000000LDL         ,2000,M12,23.0,
JTS000000450000000LDR         ,2000,M12,1.2,
JTS000000450000000QUL         ,2000,M12,35.0,
JTS000000450000000QUR         ,2000,M12,1.9,
JTS000000450000000TSL         ,2000,M12,62.0,
JTS000000450000000TSR         ,2000,M12,3.4,
JTS000000450000000UOR         ,2000,M12,1.5,
JTS000000460000000HIL         ,2000,M12,17.0,
JTS000000460000000HIR         ,2000,M12,4.5,
JTS000000460000000JOL         ,2000,M12,17.0,
JTS000000460000000JOR         ,2000,M12,4.3,
JTS000000460000000LDL         ,2000,M12,7.0,
JTS000000460000000LDR         ,2000,M12,1.9,
JTS000000460000000QUL         ,2000,M12,10.0,
JTS000000460000000QUR         ,2000,M12,2.7,
JTS000000460000000TSL         ,2000,M12,19.0,
JTS000000460000000TSR         ,2000,M12,5.0,
JTS000000460000000UOR         ,2000,M12,0.7,
JTS000000470000000HIL         ,2000,M12,106.0,
JTS000000470000000HIR         ,2000,M12,3.9,
JTS000000470000000JOL         ,2000,M12,96.0,
JTS000000470000000JOR         ,2000,M12,3.4,
JTS000000470000000LDL         ,2000,M12,39.0,
JTS000000470000000LDR         ,2000,M12,1.4,
JTS000000470000000QUL         ,2000,M12,60.0,
JTS000000470000000QUR         ,2000,M12,2.2,
JTS000000470000000TSL         ,2000,M12,108.0,
JTS000000470000000TSR         ,2000,M12,4.0,
JTS000000470000000UOR         ,2000,M12,1.2,
JTS000000480000000HIL         ,2000,M12,414.0,
JTS000000480000000HIR         ,2000,M12,4.3,
JTS000000480000000JOL         ,2000,M12,335.0,
JTS000000480000000JOR         ,2000,M12,3.4,
JTS000000480000000LDL         ,2000,M12,128.0,
JTS000000480000000LDR         ,2000,M12,1.3,
JTS000000480000000QUL         ,2000,M12,223.0,
JTS000000480000000QUR         ,2000,M12,2.3,
JTS000000480000000TSL         ,2000,M12,372.0,
JTS000000480000000TSR         ,2000,M12,3.9,
JTS000000480000000UOR         ,2000,M12,1.3,
JTS000000490000000HIL         ,2000,M12,48.0,
JTS000000490000000HIR         ,2000,M12,4.4,
JTS000000490000000JOL         ,2000,M12,42.0,
JTS000000490000000JOR         ,2000,M12,3.7,
JTS000000490000000LDL         ,2000,M12,21.0,
JTS000000490000000LDR         ,2000,M12,1.9,
JTS000000490000000QUL         ,2000,M12,27.0,
JTS000000490000000QUR         ,2000,M12,2.5,
JTS000000490000000TSL         ,2000,M12,51.0,
JTS000000490000000TSR         ,2000,M12,4.7,
JTS000000490000000UOR         ,2000,M12,1.0,
JTS000000500000000HIL         ,2000,M12,13.0,
JTS000000500000000HIR         ,2000,M12,4.3,
JTS000000500000000JOL         ,2000,M12,15.0,
JTS000000500000000JOR         ,2000,M12,4.7,
JTS000000500000000LDL         ,2000,M12,5.0,
JTS000000500000000LDR         ,2000,M12,1.7,
JTS000000500000000QUL         ,2000,M12,7.0,
JTS000000500000000QUR         ,2000,M12,2.3,
JTS000000500000000TSL         ,2000,M12,13.0,
JTS000000500000000TSR         ,2000,M12,4.3,
JTS000000500000000UOR         ,2000,M12,0.7,
JTS000000510000000HIL         ,2000,M12,144.0,
JTS000000510000000HIR         ,2000,M12,4.0,
JTS000000510000000JOL         ,2000,M12,138.0,
JTS000000510000000JOR         ,2000,M12,3.7,
JTS000000510000000LDL         ,2000,M12,43.0,
JTS000000510000000LDR         ,2000,M12,1.2,
JTS000000510000000QUL         ,2000,M12,83.0,
JTS000000510000000QUR         ,2000,M12,2.3,
JTS000000510000000TSL         ,2000,M12,135.0,
JTS000000510000000TSR         ,2000,M12,3.8,
JTS000000510000000UOR         ,2000,M12,0.6,
JTS000000530000000HIL         ,2000,M12,138.0,
JTS000000530000000HIR         ,2000,M12,5.0,
JTS000000530000000JOL         ,2000,M12,118.0,
JTS000000530000000JOR         ,2000,M12,4.1,
JTS000000530000000LDL         ,2000,M12,60.0,
JTS000000530000000LDR         ,2000,M12,2.2,
JTS000000530000000QUL         ,2000,M12,79.0,
JTS000000530000000QUR         ,2000,M12,2.9,
JTS000000530000000TSL         ,2000,M12,149.0,
JTS000000530000000TSR         ,2000,M12,5.4,
JTS000000530000000UOR         ,2000,M12,1.4,
JTS000000540000000HIL         ,2000,M12,29.0,
JTS000000540000000HIR         ,2000,M12,4.1,
JTS000000540000000JOL         ,2000,M12,27.0,
JTS000000540000000JOR         ,2000,M12,3.7,
JTS000000540000000LDL         ,2000,M12,12.0,
JTS000000540000000LDR         ,2000,M12,1.7,
JTS000000540000000QUL         ,2000,M12,18.0,
JTS000000540000000QUR         ,2000,M12,2.5,
JTS000000540000000TSL         ,2000,M12,32.0,
JTS000000540000000TSR         ,2000,M12,4.5,
JTS000000540000000UOR         ,2000,M12,1.6,
JTS000000550000000HIL         ,2000,M12,105.0,
JTS000000550000000HIR         ,2000,M12,3.7,
JTS000000550000000JOL         ,2000,M12,112.0,
JTS000000550000000JOR         ,2000,M12,3.8,
JTS000000550000000LDL         ,2000,M12,48.0,
JTS000000550000000LDR         ,2000,M12,1.7,
JTS000000550000000QUL         ,2000,M12,67.0,
JTS000000550000000QUR         ,2000,M12,2.4,
JTS000000550000000TSL         ,2000,M12,123.0,
JTS000000550000000TSR         ,2000,M12,4.3,
JTS000000550000000UOR         ,2000,M12,1.0,
JTS000000560000000HIL         ,2000,M12,16.0,
JTS000000560000000HIR         ,2000,M12,6.6,
JTS000000560000000JOL         ,2000,M12,11.0,
JTS000000560000000JOR         ,2000,M12,4.4,
JTS000000560000000LDL         ,2000,M12,6.0,
JTS000000560000000LDR         ,2000,M12,2.5,
JTS000000560000000QUL         ,2000,M12,8.0,
JTS000000560000000QUR         ,2000,M12,3.3,
JTS000000560000000TSL         ,2000,M12,15.0,
JTS000000560000000TSR         ,2000,M12,6.2,
JTS000000560000000UOR         ,2000,M12,0.9,
JTS000000MW0000000HIL         ,2000,M12,1275.0,
JTS000000MW0000000HIR         ,2000,M12,4.0,
JTS000000MW0000000JOL         ,2000,M12,1219.0,
JTS000000MW0000000JOR         ,2000,M12,3.7,
JTS000000MW0000000LDL         ,2000,M12,551.0,
JTS000000MW0000000LDR         ,2000,M12,1.7,
JTS000000MW0000000OSL         ,2000,M12,70.0,
JTS000000MW0000000OSR         ,2000,M12,0.2,
JTS000000MW0000000QUL         ,2000,M12,764.0,
JTS000000MW0000000QUR         ,2000,M12,2.4,
JTS000000MW0000000TSL         ,2000,M12,1384.0,
JTS000000MW0000000TSR         ,2000,M12,4.4,
JTS000000NE0000000HIL         ,2000,M12,838.0,
JTS000000NE0000000HIR         ,2000,M12,3.3,
JTS000000NE0000000JOL         ,2000,M12,903.0,
JTS000000NE0000000JOR         ,2000,M12,3.4,
JTS000000NE0000000LDL         ,2000,M12,346.0,
JTS000000NE0000000LDR         ,2000,M12,1.4,
JTS000000NE0000000OSL         ,2000,M12,56.0,
JTS000000NE0000000OSR         ,2000,M12,0.2,
JTS000000NE0000000QUL         ,2000,M12,450.0,
JTS000000NE0000000QUR         ,2000,M12,1.8,
JTS000000NE0000000TSL         ,2000,M12,853.0,
JTS000000NE0000000TSR         ,2000,M12,3.3,
JTS000000SO0000000HIL         ,2000,M12,1906.0,
JTS000000SO0000000HIR         ,2000,M12,4.1,
JTS000000SO0000000JOL         ,2000,M12,1646.0,
JTS000000SO0000000JOR         ,2000,M12,3.4,
JTS000000SO0000000LDL         ,2000,M12,608.0,
JTS000000SO0000000LDR         ,2000,M12,1.3,
JTS000000SO0000000OSL         ,2000,M12,120.0,
JTS000000SO0000000OSR         ,2000,M12,0.3,
JTS000000SO0000000QUL         ,2000,M12,993.0,
JTS000000SO0000000QUR         ,2000,M12,2.1,
JTS000000SO0000000TSL         ,2000,M12,1722.0,
JTS000000SO0000000TSR         ,2000,M12,3.7,
JTS000000WE0000000HIL         ,2000,M12,1408.0,
JTS000000WE0000000HIR         ,2000,M12,4.9,
JTS000000WE0000000JOL         ,2000,M12,1320.0,
JTS000000WE0000000JOR         ,2000,M12,4.4,
JTS000000WE0000000LDL         ,2000,M12,513.0,
JTS000000WE0000000LDR         ,2000,M12,1.8,
JTS000000WE0000000OSL         ,2000,M12,94.0,
JTS000000WE0000000OSR         ,2000,M12,0.3,
JTS000000WE0000000QUL         ,2000,M12,674.0,
JTS000000WE0000000QUR         ,2000,M12,2.3,
JTS000000WE0000000TSL         ,2000,M12,1281.0,
JTS000000WE0000000TSR         ,2000,M12,4.4,
JTS100000000000000HIL         ,2000,M12,5084.0,
JTS100000000000000HIR         ,2000,M12,4.5,
JTS100000000000000JOL         ,2000,M12,4541.0,
JTS100000000000000JOR         ,2000,M12,3.9,
JTS100000000000000LDL         ,2000,M12,1908.0,
JTS100000000000000LDR         ,2000,M12,1.7,
JTS100000000000000OSL         ,2000,M12,296.0,
JTS100000000000000OSR         ,2000,M12,0.3,
JTS100000000000000QUL         ,2000,M12,2739.0,
JTS100000000000000QUR         ,2000,M12,2.4,
JTS100000000000000TSL         ,2000,M12,4942.0,
JTS100000000000000TSR         ,2000,M12,4.4,
JTS100000000000001HIL         ,2000,M12,553.0,
JTS100000000000001HIR         ,2000,M12,3.7,
JTS100000000000001JOL         ,2000,M12,567.0,
JTS100000000000001JOR         ,2000,M12,3.7,
JTS100000000000001LDL         ,2000,M12,113.0,
JTS100000000000001LDR         ,2000,M12,0.8,
JTS100000000000001OSL         ,2000,M12,53.0,
JTS100000000000001OSR         ,2000,M12,0.4,
JTS100000000000001QUL         ,2000,M12,329.0,
JTS100000000000001QUR         ,2000,M12,2.2,
JTS100000000000001TSL         ,2000,M12,494.0,
JTS100000000000001TSR         ,2000,M12,3.3,
JTS100000000000002HIL         ,2000,M12,1519.0,
JTS100000000000002HIR         ,2000,M12,4.8,
JTS100000000000002JOL         ,2000,M12,1197.0,
JTS100000000000002JOR         ,2000,M12,3.6,
JTS100000000000002LDL         ,2000,M12,538.0,
JTS100000000000002LDR         ,2000,M12,1.7,
JTS100000000000002OSL         ,2000,M12,98.0,
JTS100000000000002OSR         ,2000,M12,0.3,
JTS100000000000002QUL         ,2000,M12,887.0,
JTS100000000000002QUR         ,2000,M12,2.8,
JTS100000000000002TSL         ,2000,M12,1523.0,
JTS100000000000002TSR         ,2000,M12,4.8,
JTS100000000000003HIL         ,2000,M12,2002.0,
JTS100000000000003HIR         ,2000,M12,5.7,
JTS100000000000003JOL         ,2000,M12,1468.0,
JTS100000000000003JOR         ,2000,M12,4.0,
JTS100000000000003LDL         ,2000,M12,839.0,
JTS100000000000003LDR         ,2000,M12,2.4,
JTS100000000000003OSL         ,2000,M12,77.0,
JTS100000000000003OSR         ,2000,M12,0.2,
JTS100000000000003QUL         ,2000,M12,979.0,
JTS100000000000003QUR         ,2000,M12,2.8,
JTS100000000000003TSL         ,2000,M12,1895.0,
JTS100000000000003TSR         ,2000,M12,5.4,
JTS100000000000004HIL         ,2000,M12,725.0,
JTS100000000000004HIR         ,2000,M12,3.9,
JTS100000000000004JOL         ,2000,M12,764.0,
JTS100000000000004JOR         ,2000,M12,3.9,
JTS100000000000004LDL         ,2000,M12,301.0,
JTS100000000000004LDR         ,2000,M12,1.6,
JTS100000000000004OSL         ,2000,M12,45.0,
JTS100000000000004OSR         ,2000,M12,0.2,
JTS100000000000004QUL         ,2000,M12,381.0,
JTS100000000000004QUR         ,2000,M12,2.0,
JTS100000000000004TSL         ,2000,M12,727.0,
JTS100000000000004TSR         ,2000,M12,3.9,
JTS100000000000005HIL         ,2000,M12,212.0,
JTS100000000000005HIR         ,2000,M12,2.7,
JTS100000000000005JOL         ,2000,M12,419.0,
JTS100000000000005JOR         ,2000,M12,5.0,
JTS100000000000005LDL         ,2000,M12,96.0,
JTS100000000000005LDR         ,2000,M12,1.2,
JTS100000000000005OSL         ,2000,M12,17.0,
JTS100000000000005OSR         ,2000,M12,0.2,
JTS100000000000005QUL         ,2000,M12,118.0,
JTS100000000000005QUR         ,2000,M12,1.5,
JTS100000000000005TSL         ,2000,M12,230.0,
JTS100000000000005TSR         ,2000,M12,2.9,
JTS100000000000006HIL         ,2000,M12,72.0,
JTS100000000000006HIR         ,2000,M12,2.2,
JTS100000000000006JOL         ,2000,M12,125.0,
JTS100000000000006JOR         ,2000,M12,3.6,
JTS100000000000006LDL         ,2000,M12,23.0,
JTS100000000000006LDR         ,2000,M12,0.7,
JTS100000000000006OSL         ,2000,M12,6.0,
JTS100000000000006OSR         ,2000,M12,0.2,
JTS100000000000006QUL         ,2000,M12,45.0,
JTS100000000000006QUR         ,2000,M12,1.3,
JTS100000000000006TSL         ,2000,M12,73.0,
JTS100000000000006TSR         ,2000,M12,2.2,
JTS110099000000000HIL         ,2000,M12,23.0,
JTS110099000000000HIR         ,2000,M12,3.8,
JTS110099000000000JOL         ,2000,M12,8.0,
JTS110099000000000JOR         ,2000,M12,1.3,
JTS110099000000000LDL         ,2000,M12,12.0,
JTS110099000000000LDR         ,2000,M12,2.0,
JTS110099000000000OSL         ,2000,M12,2.0,
JTS110099000000000OSR         ,2000,M12,0.4,
JTS110099000000000QUL         ,2000,M12,9.0,
JTS110099000000000QUR         ,2000,M12,1.4,
JTS110099000000000TSL         ,2000,M12,23.0,
JTS110099000000000TSR         ,2000,M12,3.8,
JTS230000000000000HIL         ,2000,M12,414.0,
JTS230000000000000HIR         ,2000,M12,6.1,
JTS230000000000000JOL         ,2000,M12,233.0,
JTS230000000000000JOR         ,2000,M12,3.3,
JTS230000000000000LDL         ,2000,M12,294.0,
JTS230000000000000LDR         ,2000,M12,4.3,
JTS230000000000000OSL         ,2000,M12,24.0,
JTS230000000000000OSR         ,2000,M12,0.4,
JTS230000000000000QUL         ,2000,M12,107.0,
JTS230000000000000QUR         ,2000,M12,1.6,
JTS230000000000000TSL         ,2000,M12,426.0,
JTS230000000000000TSR         ,2000,M12,6.3,
JTS300000000000000HIL         ,2000,M12,504.0,
JTS300000000000000HIR         ,2000,M12,2.9,
JTS300000000000000JOL         ,2000,M12,425.0,
JTS300000000000000JOR         ,2000,M12,2.4,
JTS300000000000000LDL         ,2000,M12,208.0,
JTS300000000000000LDR         ,2000,M12,1.2,
JTS300000000000000OSL         ,2000,M12,47.0,
JTS300000000000000OSR         ,2000,M12,0.3,
JTS300000000000000QUL         ,2000,M12,321.0,
JTS300000000000000QUR         ,2000,M12,1.9,
JTS300000000000000TSL         ,2000,M12,575.0,
JTS300000000000000TSR         ,2000,M12,3.3,
JTS320000000000000HIL         ,2000,M12,271.0,
JTS320000000000000HIR         ,2000,M12,2.5,
JTS320000000000000JOL         ,2000,M12,301.0,
JTS320000000000000JOR         ,2000,M12,2.7,
JTS320000000000000LDL         ,2000,M12,115.0,
JTS320000000000000LDR         ,2000,M12,1.1,
JTS320000000000000OSL         ,2000,M12,37.0,
JTS320000000000000OSR         ,2000,M12,0.3,
JTS320000000000000QUL         ,2000,M12,161.0,
JTS320000000000000QUR         ,2000,M12,1.5,
JTS320000000000000TSL         ,2000,M12,313.0,
JTS320000000000000TSR         ,2000,M12,2.9,
JTS340000000000000HIL         ,2000,M12,233.0,
JTS340000000000000HIR         ,2000,M12,3.7,
JTS340000000000000JOL         ,2000,M12,124.0,
JTS340000000000000JOR         ,2000,M12,1.9,
JTS340000000000000LDL         ,2000,M12,92.0,
JTS340000000000000LDR         ,2000,M12,1.5,
JTS340000000000000OSL         ,2000,M12,10.0,
JTS340000000000000OSR         ,2000,M12,0.2,
JTS340000000000000QUL         ,2000,M12,161.0,
JTS340000000000000QUR         ,2000,M12,2.5,
JTS340000000000000TSL         ,2000,M12,262.0,
JTS340000000000000TSR         ,2000,M12,4.2,
JTS400000000000000HIL         ,2000,M12,1276.0,
JTS400000000000000HIR         ,2000,M12,4.9,
JTS400000000000000JOL         ,2000,M12,784.0,
JTS400000000000000JOR         ,2000,M12,2.9,
JTS400000000000000LDL         ,2000,M12,457.0,
JTS400000000000000LDR         ,2000,M12,1.7,
JTS400000000000000OSL         ,2000,M12,79.0,
JTS400000000000000OSR         ,2000,M12,0.3,
JTS400000000000000QUL         ,2000,M12,630.0,
JTS400000000000000QUR         ,2000,M12,2.4,
JTS400000000000000TSL         ,2000,M12,1166.0,
JTS400000000000000TSR         ,2000,M12,4.4,
JTS420000000000000HIL         ,2000,M12,155.0,
JTS420000000000000HIR         ,2000,M12,2.7,
JTS420000000000000JOL         ,2000,M12,172.0,
JTS420000000000000JOR         ,2000,M12,2.9,
JTS420000000000000LDL         ,2000,M12,94.0,
JTS420000000000000LDR         ,2000,M12,1.6,
JTS420000000000000OSL         ,2000,M12,13.0,
JTS420000000000000OSR         ,2000,M12,0.2,
JTS420000000000000QUL         ,2000,M12,62.0,
JTS420000000000000QUR         ,2000,M12,1.1,
JTS420000000000000TSL         ,2000,M12,169.0,
JTS420000000000000TSR         ,2000,M12,2.9,
JTS440000000000000HIL         ,2000,M12,981.0,
JTS440000000000000HIR         ,2000,M12,6.4,
JTS440000000000000JOL         ,2000,M12,502.0,
JTS440000000000000JOR         ,2000,M12,3.2,
JTS440000000000000LDL         ,2000,M12,343.0,
JTS440000000000000LDR         ,2000,M12,2.2,
JTS440000000000000OSL         ,2000,M12,36.0,
JTS440000000000000OSR         ,2000,M12,0.2,
JTS440000000000000QUL         ,2000,M12,505.0,
JTS440000000000000QUR         ,2000,M12,3.3,
JTS440000000000000TSL         ,2000,M12,885.0,
JTS440000000000000TSR         ,2000,M12,5.8,
JTS480099000000000HIL         ,2000,M12,139.0,
JTS480099000000000HIR         ,2000,M12,2.7,
JTS480099000000000JOL         ,2000,M12,111.0,
JTS480099000000000JOR         ,2000,M12,2.1,
JTS480099000000000LDL         ,2000,M12,19.0,
JTS480099000000000LDR         ,2000,M12,0.4,
JTS480099000000000OSL         ,2000,M12,30.0,
JTS480099000000000OSR         ,2000,M12,0.6,
JTS480099000000000QUL         ,2000,M12,63.0,
JTS480099000000000QUR         ,2000,M12,1.2,
JTS480099000000000TSL         ,2000,M12,112.0,
JTS480099000000000TSR         ,2000,M12,2.2,
JTS510000000000000HIL         ,2000,M12,111.0,
JTS510000000000000HIR         ,2000,M12,3.0,
JTS510000000000000JOL         ,2000,M12,161.0,
JTS510000000000000JOR         ,2000,M12,4.2,
JTS510000000000000LDL         ,2000,M12,31.0,
JTS510000000000000LDR         ,2000,M12,0.8,
JTS510000000000000OSL         ,2000,M12,7.0,
JTS510000000000000OSR         ,2000,M12,0.2,
JTS510000000000000QUL         ,2000,M12,60.0,
JTS510000000000000QUR         ,2000,M12,1.6,
JTS510000000000000TSL         ,2000,M12,98.0,
JTS510000000000000TSR         ,2000,M12,2.7,
JTS510099000000000HIL         ,2000,M12,254.0,
JTS510099000000000HIR         ,2000,M12,3.2,
JTS510099000000000JOL         ,2000,M12,274.0,
JTS510099000000000JOR         ,2000,M12,3.4,
JTS510099000000000LDL         ,2000,M12,33.0,
JTS510099000000000LDR         ,2000,M12,0.4,
JTS510099000000000OSL         ,2000,M12,21.0,
JTS510099000000000OSR         ,2000,M12,0.3,
JTS510099000000000QUL         ,2000,M12,177.0,
JTS510099000000000QUR         ,2000,M12,2.3,
JTS510099000000000TSL         ,2000,M12,232.0,
JTS510099000000000TSR         ,2000,M12,3.0,
JTS520000000000000HIL         ,2000,M12,174.0,
JTS520000000000000HIR         ,2000,M12,3.0,
JTS520000000000000JOL         ,2000,M12,208.0,
JTS520000000000000JOR         ,2000,M12,3.5,
JTS520000000000000LDL         ,2000,M12,29.0,
JTS520000000000000LDR         ,2000,M12,0.5,
JTS520000000000000OSL         ,2000,M12,12.0,
JTS520000000000000OSR         ,2000,M12,0.2,
JTS520000000000000QUL         ,2000,M12,113.0,
JTS520000000000000QUR         ,2000,M12,1.9,
JTS520000000000000TSL         ,2000,M12,154.0,
JTS520000000000000TSR         ,2000,M12,2.7,
JTS530000000000000HIL         ,2000,M12,80.0,
JTS530000000000000HIR         ,2000,M12,3.9,
JTS530000000000000JOL         ,2000,M12,66.0,
JTS530000000000000JOR         ,2000,M12,3.2,
JTS530000000000000LDL         ,2000,M12,4.0,
JTS530000000000000LDR         ,2000,M12,0.2,
JTS530000000000000OSL         ,2000,M12,9.0,
JTS530000000000000OSR         ,2000,M12,0.4,
JTS530000000000000QUL         ,2000,M12,64.0,
JTS530000000000000QUR         ,2000,M12,3.2,
JTS530000000000000TSL         ,2000,M12,78.0,
JTS530000000000000TSR         ,2000,M12,3.8,
JTS540099000000000HIL         ,2000,M12,966.0,
JTS540099000000000HIR         ,2000,M12,5.7,
JTS540099000000000JOL         ,2000,M12,871.0,
JTS540099000000000JOR         ,2000,M12,4.9,
JTS540099000000000LDL         ,2000,M12,476.0,
JTS540099000000000LDR         ,2000,M12,2.8,
JTS540099000000000OSL         ,2000,M12,46.0,
JTS540099000000000OSR         ,2000,M12,0.3,
JTS540099000000000QUL         ,2000,M12,467.0,
JTS540099000000000QUR         ,2000,M12,2.8,
JTS540099000000000TSL         ,2000,M12,989.0,
JTS540099000000000TSR         ,2000,M12,5.9,
JTS600000000000000HIL         ,2000,M12,515.0,
JTS600000000000000HIR         ,2000,M12,3.3,
JTS600000000000000JOL         ,2000,M12,919.0,
JTS600000000000000JOR         ,2000,M12,5.6,
JTS600000000000000LDL         ,2000,M12,123.0,
JTS600000000000000LDR         ,2000,M12,0.8,
JTS600000000000000OSL         ,2000,M12,37.0,
JTS600000000000000OSR         ,2000,M12,0.2,
JTS600000000000000QUL         ,2000,M12,304.0,
JTS600000000000000QUR         ,2000,M12,2.0,
JTS600000000000000TSL         ,2000,M12,464.0,
JTS600000000000000TSR         ,2000,M12,3.0,
JTS610000000000000HIL         ,2000,M12,55.0,
JTS610000000000000HIR         ,2000,M12,2.3,
JTS610000000000000JOL         ,2000,M12,55.0,
JTS610000000000000JOR         ,2000,M12,2.2,
JTS610000000000000LDL         ,2000,M12,17.0,
JTS610000000000000LDR         ,2000,M12,0.7,
JTS610000000000000OSL         ,2000,M12,5.0,
JTS610000000000000OSR         ,2000,M12,0.2,
JTS610000000000000QUL         ,2000,M12,21.0,
JTS610000000000000QUR         ,2000,M12,0.9,
JTS610000000000000TSL         ,2000,M12,43.0,
JTS610000000000000TSR         ,2000,M12,1.8,
JTS620000000000000HIL         ,2000,M12,459.0,
JTS620000000000000HIR         ,2000,M12,3.5,
JTS620000000000000JOL         ,2000,M12,864.0,
JTS620000000000000JOR         ,2000,M12,6.2,
JTS620000000000000LDL         ,2000,M12,106.0,
JTS620000000000000LDR         ,2000,M12,0.8,
JTS620000000000000OSL         ,2000,M12,32.0,
JTS620000000000000OSR         ,2000,M12,0.2,
JTS620000000000000QUL         ,2000,M12,283.0,
JTS620000000000000QUR         ,2000,M12,2.2,
JTS620000000000000TSL         ,2000,M12,421.0,
JTS620000000000000TSR         ,2000,M12,3.2,
JTS700000000000000HIL         ,2000,M12,890.0,
JTS700000000000000HIR         ,2000,M12,7.4,
JTS700000000000000JOL         ,2000,M12,566.0,
JTS700000000000000JOR         ,2000,M12,4.5,
JTS700000000000000LDL         ,2000,M12,234.0,
JTS700000000000000LDR         ,2000,M12,2.0,
JTS700000000000000OSL         ,2000,M12,31.0,
JTS700000000000000OSR         ,2000,M12,0.3,
JTS700000000000000QUL         ,2000,M12,571.0,
JTS700000000000000QUR         ,2000,M12,4.8,
JTS700000000000000TSL         ,2000,M12,836.0,
JTS700000000000000TSR         ,2000,M12,7.0,
JTS710000000000000HIL         ,2000,M12,130.0,
JTS710000000000000HIR         ,2000,M12,7.3,
JTS710000000000000JOL         ,2000,M12,42.0,
JTS710000000000000JOR         ,2000,M12,2.3,
JTS710000000000000LDL         ,2000,M12,86.0,
JTS710000000000000LDR         ,2000,M12,4.8,
JTS710000000000000OSL         ,2000,M12,5.0,
JTS710000000000000OSR         ,2000,M12,0.3,
JTS710000000000000QUL         ,2000,M12,41.0,
JTS710000000000000QUR         ,2000,M12,2.3,
JTS710000000000000TSL         ,2000,M12,133.0,
JTS710000000000000TSR         ,2000,M12,7.4,
JTS720000000000000HIL         ,2000,M12,759.0,
JTS720000000000000HIR         ,2000,M12,7.5,
JTS720000000000000JOL         ,2000,M12,525.0,
JTS720000000000000JOR         ,2000,M12,4.9,
JTS720000000000000LDL         ,2000,M12,147.0,
JTS720000000000000LDR         ,2000,M12,1.4,
JTS720000000000000OSL         ,2000,M12,26.0,
JTS720000000000000OSR         ,2000,M12,0.3,
JTS720000000000000QUL         ,2000,M12,530.0,
JTS720000000000000QUR         ,2000,M12,5.2,
JTS720000000000000TSL         ,2000,M12,703.0,
JTS720000000000000TSR         ,2000,M12,6.9,
JTS810000000000000HIL         ,2000,M12,132.0,
JTS810000000000000HIR         ,2000,M12,2.5,
JTS810000000000000JOL         ,2000,M12,299.0,
JTS810000000000000JOR         ,2000,M12,5.4,
JTS810000000000000LDL         ,2000,M12,40.0,
JTS810000000000000LDR         ,2000,M12,0.8,
JTS810000000000000OSL         ,2000,M12,2.0,
JTS810000000000000OSR         ,2000,M12,0.0,
JTS810000000000000QUL         ,2000,M12,93.0,
JTS810000000000000QUR         ,2000,M12,1.8,
JTS810000000000000TSL         ,2000,M12,135.0,
JTS810000000000000TSR         ,2000,M12,2.6,
JTS900000000000000HIL         ,2000,M12,342.0,
JTS900000000000000HIR         ,2000,M12,1.6,
JTS900000000000000JOL         ,2000,M12,548.0,
JTS900000000000000JOR         ,2000,M12,2.6,
JTS900000000000000LDL         ,2000,M12,111.0,
JTS900000000000000LDR         ,2000,M12,0.5,
JTS900000000000000OSL         ,2000,M12,44.0,
JTS900000000000000OSR         ,2000,M12,0.2,
JTS900000000000000QUL         ,2000,M12,143.0,
JTS900000000000000QUR         ,2000,M12,0.7,
JTS900000000000000TSL         ,2000,M12,298.0,
JTS900000000000000TSR         ,2000,M12,1.4,
JTS910000000000000HIL         ,2000,M12,40.0,
JTS910000000000000HIR         ,2000,M12,1.5,
JTS910000000000000JOL         ,2000,M12,66.0,
JTS910000000000000JOR         ,2000,M12,2.4,
JTS910000000000000LDL         ,2000,M12,8.0,
JTS910000000000000LDR         ,2000,M12,0.3,
JTS910000000000000OSL         ,2000,M12,8.0,
JTS910000000000000OSR         ,2000,M12,0.3,
JTS910000000000000QUL         ,2000,M12,15.0,
JTS910000000000000QUR         ,2000,M12,0.6,
JTS910000000000000TSL         ,2000,M12,31.0,
JTS910000000000000TSR         ,2000,M12,1.1,
JTS920000000000000HIL         ,2000,M12,302.0,
JTS920000000000000HIR         ,2000,M12,1.7,
JTS920000000000000JOL         ,2000,M12,481.0,
JTS920000000000000JOR         ,2000,M12,2.6,
JTS920000000000000LDL         ,2000,M12,103.0,
JTS920000000000000LDR         ,2000,M12,0.6,
JTS920000000000000OSL         ,2000,M12,36.0,
JTS920000000000000OSR         ,2000,M12,0.2,
JTS920000000000000QUL         ,2000,M12,128.0,
JTS920000000000000QUR         ,2000,M12,0.7,
JTS920000000000000TSL         ,2000,M12,267.0,
JTS920000000000000TSR         ,2000,M12,1.5,
JTS923000000000000HIL         ,2000,M12,148.0,
JTS923000000000000HIR         ,2000,M12,1.6,
JTS923000000000000JOL         ,2000,M12,172.0,
JTS923000000000000JOR         ,2000,M12,1.8,
JTS923000000000000LDL         ,2000,M12,43.0,
JTS923000000000000LDR         ,2000,M12,0.5,
JTS923000000000000OSL         ,2000,M12,15.0,
JTS923000000000000OSR         ,2000,M12,0.2,
JTS923000000000000QUL         ,2000,M12,60.0,
JTS923000000000000QUR         ,2000,M12,0.6,
JTS923000000000000TSL         ,2000,M12,118.0,
JTS923000000000000TSR         ,2000,M12,1.3,
JTS929000000000000HIL         ,2000,M12,154.0,
JTS929000000000000HIR         ,2000,M12,1.8,
JTS929000000000000JOL         ,2000,M12,309.0,
JTS929000000000000JOR         ,2000,M12,3.4,
JTS929000000000000LDL         ,2000,M12,60.0,
JTS929000000000000LDR         ,2000,M12,0.7,
JTS929000000000000OSL         ,2000,M12,21.0,
JTS929000000000000OSR         ,2000,M12,0.2,
JTS929000000000000QUL         ,2000,M12,68.0,
JTS929000000000000QUR         ,2000,M12,0.8,
JTS929000000000000TSL         ,2000,M12,149.0,
JTS929000000000000TSR         ,2000,M12,1.7,
JTU000000000000000HIL         ,2000,M12,4141.0,
JTU000000000000000HIR         ,2000,M12,3.1,
JTU000000000000000JOL         ,2000,M12,4335.0,
JTU000000000000000JOR         ,2000,M12,3.1,
JTU000000000000000LDL         ,2000,M12,2295.0,
JTU000000000000000LDR         ,2000,M12,1.7,
JTU000000000000000OSL         ,2000,M12,313.0,
JTU000000000000000OSR         ,2000,M12,0.2,
JTU000000000000000QUL         ,2000,M12,2331.0,
JTU000000000000000QUR         ,2000,M12,1.7,
JTU000000000000000TSL         ,2000,M12,4939.0,
JTU000000000000000TSR         ,2000,M12,3.7,
JTU000000010000000HIL         ,2000,M12,53.0,
JTU000000010000000HIR         ,2000,M12,2.7,
JTU000000010000000JOL         ,2000,M12,55.0,
JTU000000010000000JOR         ,2000,M12,2.7,
JTU000000010000000LDL         ,2000,M12,27.0,
JTU000000010000000LDR         ,2000,M12,1.4,
JTU000000010000000QUL         ,2000,M12,32.0,
JTU000000010000000QUR         ,2000,M12,1.6,
JTU000000010000000TSL         ,2000,M12,63.0,
JTU000000010000000TSR         ,2000,M12,3.2,
JTU000000020000000HIL         ,2000,M12,12.0,
JTU000000020000000HIR         ,2000,M12,4.5,
JTU000000020000000JOL         ,2000,M12,12.0,
JTU000000020000000JOR         ,2000,M12,4.0,
JTU000000020000000LDL         ,2000,M12,10.0,
JTU000000020000000LDR         ,2000,M12,3.7,
JTU000000020000000QUL         ,2000,M12,8.0,
JTU000000020000000QUR         ,2000,M12,2.9,
JTU000000020000000TSL         ,2000,M12,19.0,
JTU000000020000000TSR         ,2000,M12,7.1,
JTU000000040000000HIL         ,2000,M12,92.0,
JTU000000040000000HIR         ,2000,M12,4.0,
JTU000000040000000JOL         ,2000,M12,95.0,
JTU000000040000000JOR         ,2000,M12,4.0,
JTU000000040000000LDL         ,2000,M12,53.0,
JTU000000040000000LDR         ,2000,M12,2.3,
JTU000000040000000QUL         ,2000,M12,41.0,
JTU000000040000000QUR         ,2000,M12,1.8,
JTU000000040000000TSL         ,2000,M12,101.0,
JTU000000040000000TSR         ,2000,M12,4.4,
JTU000000050000000HIL         ,2000,M12,32.0,
JTU000000050000000HIR         ,2000,M12,2.7,
JTU000000050000000JOL         ,2000,M12,32.0,
JTU000000050000000JOR         ,2000,M12,2.7,
JTU000000050000000LDL         ,2000,M12,20.0,
JTU000000050000000LDR         ,2000,M12,1.7,
JTU000000050000000QUL         ,2000,M12,23.0,
JTU000000050000000QUR         ,2000,M12,2.0,
JTU000000050000000TSL         ,2000,M12,46.0,
JTU000000050000000TSR         ,2000,M12,4.0,
JTU000000060000000HIL         ,2000,M12,562.0,
JTU000000060000000HIR         ,2000,M12,3.8,
JTU000000060000000JOL         ,2000,M12,654.0,
JTU000000060000000JOR         ,2000,M12,4.2,
JTU000000060000000LDL         ,2000,M12,239.0,
JTU000000060000000LDR         ,2000,M12,1.6,
JTU000000060000000QUL         ,2000,M12,261.0,
JTU000000060000000QUR         ,2000,M12,1.7,
JTU000000060000000TSL         ,2000,M12,545.0,
JTU000000060000000TSR         ,2000,M12,3.6,
JTU000000080000000HIL         ,2000,M12,110.0,
JTU000000080000000HIR         ,2000,M12,4.9,
JTU000000080000000JOL         ,2000,M12,82.0,
JTU000000080000000JOR         ,2000,M12,3.5,
JTU000000080000000LDL         ,2000,M12,50.0,
JTU000000080000000LDR         ,2000,M12,2.2,
JTU000000080000000QUL         ,2000,M12,47.0,
JTU000000080000000QUR         ,2000,M12,2.1,
JTU000000080000000TSL         ,2000,M12,106.0,
JTU000000080000000TSR         ,2000,M12,4.6,
JTU000000090000000HIL         ,2000,M12,45.0,
JTU000000090000000HIR         ,2000,M12,2.6,
JTU000000090000000JOL         ,2000,M12,51.0,
JTU000000090000000JOR         ,2000,M12,2.9,
JTU000000090000000LDL         ,2000,M12,23.0,
JTU000000090000000LDR         ,2000,M12,1.3,
JTU000000090000000QUL         ,2000,M12,20.0,
JTU000000090000000QUR         ,2000,M12,1.2,
JTU000000090000000TSL         ,2000,M12,47.0,
JTU000000090000000TSR         ,2000,M12,2.7,
JTU000000100000000HIL         ,2000,M12,16.0,
JTU000000100000000HIR         ,2000,M12,3.7,
JTU000000100000000JOL         ,2000,M12,14.0,
JTU000000100000000JOR         ,2000,M12,3.2,
JTU000000100000000LDL         ,2000,M12,6.0,
JTU000000100000000LDR         ,2000,M12,1.5,
JTU000000100000000QUL         ,2000,M12,8.0,
JTU000000100000000QUR         ,2000,M12,1.8,
JTU000000100000000TSL         ,2000,M12,15.0,
JTU000000100000000TSR         ,2000,M12,3.5,
JTU000000110000000HIL         ,2000,M12,15.0,
JTU000000110000000HIR         ,2000,M12,2.2,
JTU000000110000000JOL         ,2000,M12,16.0,
JTU000000110000000JOR         ,2000,M12,2.4,
JTU000000110000000LDL         ,2000,M12,5.0,
JTU000000110000000LDR         ,2000,M12,0.8,
JTU000000110000000QUL         ,2000,M12,8.0,
JTU000000110000000QUR         ,2000,M12,1.2,
JTU000000110000000TSL         ,2000,M12,15.0,
JTU000000110000000TSR         ,2000,M12,2.2,
JTU000000120000000HIL         ,2000,M12,252.0,
JTU000000120000000HIR         ,2000,M12,3.5,
JTU000000120000000JOL         ,2000,M12,215.0,
JTU000000120000000JOR         ,2000,M12,2.9,
JTU000000120000000LDL         ,2000,M12,72.0,
JTU000000120000000LDR         ,2000,M12,1.0,
JTU000000120000000QUL         ,2000,M12,105.0,
JTU000000120000000QUR         ,2000,M12,1.5,
JTU000000120000000TSL         ,2000,M12,191.0,
JTU000000120000000TSR         ,2000,M12,2.6,
JTU000000130000000HIL         ,2000,M12,139.0,
JTU000000130000000HIR         ,2000,M12,3.4,
JTU000000130000000JOL         ,2000,M12,130.0,
JTU000000130000000JOR         ,2000,M12,3.1,
JTU000000130000000LDL         ,2000,M12,61.0,
JTU000000130000000LDR         ,2000,M12,1.5,
JTU000000130000000QUL         ,2000,M12,75.0,
JTU000000130000000QUR         ,2000,M12,1.9,
JTU000000130000000TSL         ,2000,M12,146.0,
JTU000000130000000TSR         ,2000,M12,3.6,
JTU000000150000000HIL         ,2000,M12,19.0,
JTU000000150000000HIR         ,2000,M12,3.4,
JTU000000150000000JOL         ,2000,M12,17.0,
JTU000000150000000JOR         ,2000,M12,2.8,
JTU000000150000000LDL         ,2000,M12,9.0,
JTU000000150000000LDR         ,2000,M12,1.5,
JTU000000150000000QUL         ,2000,M12,9.0,
JTU000000150000000QUR         ,2000,M12,1.6,
JTU000000150000000TSL         ,2000,M12,19.0,
JTU000000150000000TSR         ,2000,M12,3.3,
JTU000000160000000HIL         ,2000,M12,24.0,
JTU000000160000000HIR         ,2000,M12,4.2,
JTU000000160000000JOL         ,2000,M12,21.0,
JTU000000160000000JOR         ,2000,M12,3.5,
JTU000000160000000LDL         ,2000,M12,20.0,
JTU000000160000000LDR         ,2000,M12,3.5,
JTU000000160000000QUL         ,2000,M12,14.0,
JTU000000160000000QUR         ,2000,M12,2.5,
JTU000000160000000TSL         ,2000,M12,36.0,
JTU000000160000000TSR         ,2000,M12,6.3,
JTU000000170000000HIL         ,2000,M12,165.0,
JTU000000170000000HIR         ,2000,M12,2.7,
JTU000000170000000JOL         ,2000,M12,193.0,
JTU000000170000000JOR         ,2000,M12,3.1,
JTU000000170000000LDL         ,2000,M12,105.0,
JTU000000170000000LDR         ,2000,M12,1.7,
JTU000000170000000QUL         ,2000,M12,116.0,
JTU000000170000000QUR         ,2000,M12,1.9,
JTU000000170000000TSL         ,2000,M12,232.0,
JTU000000170000000TSR         ,2000,M12,3.8,
JTU000000180000000HIL         ,2000,M12,79.0,
JTU000000180000000HIR         ,2000,M12,2.6,
JTU000000180000000JOL         ,2000,M12,86.0,
JTU000000180000000JOR         ,2000,M12,2.8,
JTU000000180000000LDL         ,2000,M12,54.0,
JTU000000180000000LDR         ,2000,M12,1.8,
JTU000000180000000QUL         ,2000,M12,52.0,
JTU000000180000000QUR         ,2000,M12,1.7,
JTU000000180000000TSL         ,2000,M12,112.0,
JTU000000180000000TSR         ,2000,M12,3.7,
JTU000000190000000HIL         ,2000,M12,41.0,
JTU000000190000000HIR         ,2000,M12,2.8,
JTU000000190000000JOL         ,2000,M12,46.0,
JTU000000190000000JOR         ,2000,M12,3.0,
JTU000000190000000LDL         ,2000,M12,32.0,
JTU000000190000000LDR         ,2000,M12,2.1,
JTU000000190000000QUL         ,2000,M12,30.0,
JTU000000190000000QUR         ,2000,M12,2.0,
JTU000000190000000TSL         ,2000,M12,65.0,
JTU000000190000000TSR         ,2000,M12,4.3,
JTU000000200000000HIL         ,2000,M12,36.0,
JTU000000200000000HIR         ,2000,M12,2.6,
JTU000000200000000JOL         ,2000,M12,40.0,
JTU000000200000000JOR         ,2000,M12,2.9,
JTU000000200000000LDL         ,2000,M12,28.0,
JTU000000200000000LDR         ,2000,M12,2.1,
JTU000000200000000QUL         ,2000,M12,25.0,
JTU000000200000000QUR         ,2000,M12,1.8,
JTU000000200000000TSL         ,2000,M12,56.0,
JTU000000200000000TSR         ,2000,M12,4.1,
JTU000000210000000HIL         ,2000,M12,31.0,
JTU000000210000000HIR         ,2000,M12,1.7,
JTU000000210000000JOL         ,2000,M12,31.0,
JTU000000210000000JOR         ,2000,M12,1.6,
JTU000000210000000LDL         ,2000,M12,15.0,
JTU000000210000000LDR         ,2000,M12,0.8,
JTU000000210000000QUL         ,2000,M12,18.0,
JTU000000210000000QUR         ,2000,M12,1.0,
JTU000000210000000TSL         ,2000,M12,37.0,
JTU000000210000000TSR         ,2000,M12,2.0,
JTU000000220000000HIL         ,2000,M12,67.0,
JTU000000220000000HIR         ,2000,M12,3.5,
JTU000000220000000JOL         ,2000,M12,59.0,
JTU000000220000000JOR         ,2000,M12,2.9,
JTU000000220000000LDL         ,2000,M12,29.0,
JTU000000220000000LDR         ,2000,M12,1.5,
JTU000000220000000QUL         ,2000,M12,33.0,
JTU000000220000000QUR         ,2000,M12,1.7,
JTU000000220000000TSL         ,2000,M12,66.0,
JTU000000220000000TSR         ,2000,M12,3.4,
JTU000000230000000HIL         ,2000,M12,17.0,
JTU000000230000000HIR         ,2000,M12,2.8,
JTU000000230000000JOL         ,2000,M12,20.0,
JTU000000230000000JOR         ,2000,M12,3.2,
JTU000000230000000LDL         ,2000,M12,14.0,
JTU000000230000000LDR         ,2000,M12,2.3,
JTU000000230000000QUL         ,2000,M12,12.0,
JTU000000230000000QUR         ,2000,M12,1.9,
JTU000000230000000TSL         ,2000,M12,28.0,
JTU000000230000000TSR         ,2000,M12,4.5,
JTU000000240000000HIL         ,2000,M12,80.0,
JTU000000240000000HIR         ,2000,M12,3.2,
JTU000000240000000JOL         ,2000,M12,86.0,
JTU000000240000000JOR         ,2000,M12,3.3,
JTU000000240000000LDL         ,2000,M12,41.0,
JTU000000240000000LDR         ,2000,M12,1.6,
JTU000000240000000QUL         ,2000,M12,41.0,
JTU000000240000000QUR         ,2000,M12,1.6,
JTU000000240000000TSL         ,2000,M12,87.0,
JTU000000240000000TSR         ,2000,M12,3.5,
JTU000000250000000HIL         ,2000,M12,81.0,
JTU000000250000000HIR         ,2000,M12,2.4,
JTU000000250000000JOL         ,2000,M12,105.0,
JTU000000250000000JOR         ,2000,M12,3.0,
JTU000000250000000LDL         ,2000,M12,53.0,
JTU000000250000000LDR         ,2000,M12,1.6,
JTU000000250000000QUL         ,2000,M12,48.0,
JTU000000250000000QUR         ,2000,M12,1.4,
JTU000000250000000TSL         ,2000,M12,107.0,
JTU000000250000000TSR         ,2000,M12,3.1,
JTU000000260000000HIL         ,2000,M12,125.0,
JTU000000260000000HIR         ,2000,M12,2.6,
JTU000000260000000JOL         ,2000,M12,150.0,
JTU000000260000000JOR         ,2000,M12,3.1,
JTU000000260000000LDL         ,2000,M12,101.0,
JTU000000260000000LDR         ,2000,M12,2.1,
JTU000000260000000QUL         ,2000,M12,78.0,
JTU000000260000000QUR         ,2000,M12,1.7,
JTU000000260000000TSL         ,2000,M12,188.0,
JTU000000260000000TSR         ,2000,M12,4.0,
JTU000000270000000HIL         ,2000,M12,88.0,
JTU000000270000000HIR         ,2000,M12,3.2,
JTU000000270000000JOL         ,2000,M12,115.0,
JTU000000270000000JOR         ,2000,M12,4.1,
JTU000000270000000LDL         ,2000,M12,54.0,
JTU000000270000000LDR         ,2000,M12,2.0,
JTU000000270000000QUL         ,2000,M12,56.0,
JTU000000270000000QUR         ,2000,M12,2.1,
JTU000000270000000TSL         ,2000,M12,116.0,
JTU000000270000000TSR         ,2000,M12,4.2,
JTU000000280000000HIL         ,2000,M12,32.0,
JTU000000280000000HIR         ,2000,M12,2.8,
JTU000000280000000JOL         ,2000,M12,32.0,
JTU000000280000000JOR         ,2000,M12,2.7,
JTU000000280000000LDL         ,2000,M12,19.0,
JTU000000280000000LDR         ,2000,M12,1.6,
JTU000000280000000QUL         ,2000,M12,20.0,
JTU000000280000000QUR         ,2000,M12,1.7,
JTU000000280000000TSL         ,2000,M12,42.0,
JTU000000280000000TSR         ,2000,M12,3.7,
JTU000000290000000HIL         ,2000,M12,84.0,
JTU000000290000000HIR         ,2000,M12,3.0,
JTU000000290000000JOL         ,2000,M12,86.0,
JTU000000290000000JOR         ,2000,M12,3.0,
JTU000000290000000LDL         ,2000,M12,64.0,
JTU000000290000000LDR         ,2000,M12,2.3,
JTU000000290000000QUL         ,2000,M12,63.0,
JTU000000290000000QUR         ,2000,M12,2.3,
JTU000000290000000TSL         ,2000,M12,133.0,
JTU000000290000000TSR         ,2000,M12,4.8,
JTU000000300000000HIL         ,2000,M12,15.0,
JTU000000300000000HIR         ,2000,M12,3.8,
JTU000000300000000JOL         ,2000,M12,13.0,
JTU000000300000000JOR         ,2000,M12,3.3,
JTU000000300000000LDL         ,2000,M12,13.0,
JTU000000300000000LDR         ,2000,M12,3.3,
JTU000000300000000QUL         ,2000,M12,11.0,
JTU000000300000000QUR         ,2000,M12,2.8,
JTU000000300000000TSL         ,2000,M12,26.0,
JTU000000300000000TSR         ,2000,M12,6.5,
JTU000000310000000HIL         ,2000,M12,29.0,
JTU000000310000000HIR         ,2000,M12,3.2,
JTU000000310000000JOL         ,2000,M12,31.0,
JTU000000310000000JOR         ,2000,M12,3.3,
JTU000000310000000LDL         ,2000,M12,18.0,
JTU000000310000000LDR         ,2000,M12,1.9,
JTU000000310000000QUL         ,2000,M12,17.0,
JTU000000310000000QUR         ,2000,M12,1.9,
JTU000000310000000TSL         ,2000,M12,37.0,
JTU000000310000000TSR         ,2000,M12,4.0,
JTU000000320000000HIL         ,2000,M12,40.0,
JTU000000320000000HIR         ,2000,M12,3.8,
JTU000000320000000JOL         ,2000,M12,32.0,
JTU000000320000000JOR         ,2000,M12,2.9,
JTU000000320000000LDL         ,2000,M12,25.0,
JTU000000320000000LDR         ,2000,M12,2.4,
JTU000000320000000QUL         ,2000,M12,24.0,
JTU000000320000000QUR         ,2000,M12,2.3,
JTU000000320000000TSL         ,2000,M12,52.0,
JTU000000320000000TSR         ,2000,M12,5.0,
JTU000000330000000HIL         ,2000,M12,22.0,
JTU000000330000000HIR         ,2000,M12,3.5,
JTU000000330000000JOL         ,2000,M12,25.0,
JTU000000330000000JOR         ,2000,M12,3.7,
JTU000000330000000LDL         ,2000,M12,13.0,
JTU000000330000000LDR         ,2000,M12,2.0,
JTU000000330000000QUL         ,2000,M12,10.0,
JTU000000330000000QUR         ,2000,M12,1.5,
JTU000000330000000TSL         ,2000,M12,24.0,
JTU000000330000000TSR         ,2000,M12,3.7,
JTU000000340000000HIL         ,2000,M12,109.0,
JTU000000340000000HIR         ,2000,M12,2.7,
JTU000000340000000JOL         ,2000,M12,126.0,
JTU000000340000000JOR         ,2000,M12,3.0,
JTU000000340000000LDL         ,2000,M12,62.0,
JTU000000340000000LDR         ,2000,M12,1.5,
JTU000000340000000QUL         ,2000,M12,58.0,
JTU000000340000000QUR         ,2000,M12,1.4,
JTU000000340000000TSL         ,2000,M12,128.0,
JTU000000340000000TSR         ,2000,M12,3.1,
JTU000000350000000HIL         ,2000,M12,28.0,
JTU000000350000000HIR         ,2000,M12,3.7,
JTU000000350000000JOL         ,2000,M12,23.0,
JTU000000350000000JOR         ,2000,M12,2.9,
JTU000000350000000LDL         ,2000,M12,15.0,
JTU000000350000000LDR         ,2000,M12,2.0,
JTU000000350000000QUL         ,2000,M12,14.0,
JTU000000350000000QUR         ,2000,M12,1.8,
JTU000000350000000TSL         ,2000,M12,31.0,
JTU000000350000000TSR         ,2000,M12,4.1,
JTU000000360000000HIL         ,2000,M12,193.0,
JTU000000360000000HIR         ,2000,M12,2.2,
JTU000000360000000JOL         ,2000,M12,274.0,
JTU000000360000000JOR         ,2000,M12,3.0,
JTU000000360000000LDL         ,2000,M12,108.0,
JTU000000360000000LDR         ,2000,M12,1.2,
JTU000000360000000QUL         ,2000,M12,118.0,
JTU000000360000000QUR         ,2000,M12,1.3,
JTU000000360000000TSL         ,2000,M12,247.0,
JTU000000360000000TSR         ,2000,M12,2.8,
JTU000000370000000HIL         ,2000,M12,121.0,
JTU000000370000000HIR         ,2000,M12,3.1,
JTU000000370000000JOL         ,2000,M12,115.0,
JTU000000370000000JOR         ,2000,M12,2.8,
JTU000000370000000LDL         ,2000,M12,58.0,
JTU000000370000000LDR         ,2000,M12,1.5,
JTU000000370000000QUL         ,2000,M12,73.0,
JTU000000370000000QUR         ,2000,M12,1.8,
JTU000000370000000TSL         ,2000,M12,142.0,
JTU000000370000000TSR         ,2000,M12,3.6,
JTU000000380000000HIL         ,2000,M12,10.0,
JTU000000380000000HIR         ,2000,M12,3.2,
JTU000000380000000JOL         ,2000,M12,12.0,
JTU000000380000000JOR         ,2000,M12,3.4,
JTU000000380000000LDL         ,2000,M12,8.0,
JTU000000380000000LDR         ,2000,M12,2.4,
JTU000000380000000QUL         ,2000,M12,7.0,
JTU000000380000000QUR         ,2000,M12,2.1,
JTU000000380000000TSL         ,2000,M12,16.0,
JTU000000380000000TSR         ,2000,M12,4.7,
JTU000000390000000HIL         ,2000,M12,176.0,
JTU000000390000000HIR         ,2000,M12,3.1,
JTU000000390000000JOL         ,2000,M12,165.0,
JTU000000390000000JOR         ,2000,M12,2.8,
JTU000000390000000LDL         ,2000,M12,135.0,
JTU000000390000000LDR         ,2000,M12,2.4,
JTU000000390000000QUL         ,2000,M12,95.0,
JTU000000390000000QUR         ,2000,M12,1.7,
JTU000000390000000TSL         ,2000,M12,239.0,
JTU000000390000000TSR         ,2000,M12,4.2,
JTU000000400000000HIL         ,2000,M12,44.0,
JTU000000400000000HIR         ,2000,M12,2.9,
JTU000000400000000JOL         ,2000,M12,46.0,
JTU000000400000000JOR         ,2000,M12,2.9,
JTU000000400000000LDL         ,2000,M12,24.0,
JTU000000400000000LDR         ,2000,M12,1.6,
JTU000000400000000QUL         ,2000,M12,31.0,
JTU000000400000000QUR         ,2000,M12,2.0,
JTU000000400000000TSL         ,2000,M12,59.0,
JTU000000400000000TSR         ,2000,M12,3.9,
JTU000000410000000HIL         ,2000,M12,55.0,
JTU000000410000000HIR         ,2000,M12,3.3,
JTU000000410000000JOL         ,2000,M12,52.0,
JTU000000410000000JOR         ,2000,M12,3.1,
JTU000000410000000LDL         ,2000,M12,46.0,
JTU000000410000000LDR         ,2000,M12,2.8,
JTU000000410000000QUL         ,2000,M12,37.0,
JTU000000410000000QUR         ,2000,M12,2.3,
JTU000000410000000TSL         ,2000,M12,88.0,
JTU000000410000000TSR         ,2000,M12,5.4,
JTU000000420000000HIL         ,2000,M12,135.0,
JTU000000420000000HIR         ,2000,M12,2.3,
JTU000000420000000JOL         ,2000,M12,151.0,
JTU000000420000000JOR         ,2000,M12,2.6,
JTU000000420000000LDL         ,2000,M12,106.0,
JTU000000420000000LDR         ,2000,M12,1.8,
JTU000000420000000QUL         ,2000,M12,77.0,
JTU000000420000000QUR         ,2000,M12,1.3,
JTU000000420000000TSL         ,2000,M12,194.0,
JTU000000420000000TSR         ,2000,M12,3.4,
JTU000000440000000HIL         ,2000,M12,14.0,
JTU000000440000000HIR         ,2000,M12,2.8,
JTU000000440000000JOL         ,2000,M12,16.0,
JTU000000440000000JOR         ,2000,M12,3.2,
JTU000000440000000LDL         ,2000,M12,10.0,
JTU000000440000000LDR         ,2000,M12,2.0,
JTU000000440000000QUL         ,2000,M12,8.0,
JTU000000440000000QUR         ,2000,M12,1.6,
JTU000000440000000TSL         ,2000,M12,19.0,
JTU000000440000000TSR         ,2000,M12,3.8,
JTU000000450000000HIL         ,2000,M12,45.0,
JTU000000450000000HIR         ,2000,M12,2.4,
JTU000000450000000JOL         ,2000,M12,44.0,
JTU000000450000000JOR         ,2000,M12,2.3,
JTU000000450000000LDL         ,2000,M12,22.0,
JTU000000450000000LDR         ,2000,M12,1.2,
JTU000000450000000QUL         ,2000,M12,28.0,
JTU000000450000000QUR         ,2000,M12,1.5,
JTU000000450000000TSL         ,2000,M12,53.0,
JTU000000450000000TSR         ,2000,M12,2.9,
JTU000000460000000HIL         ,2000,M12,12.0,
JTU000000460000000HIR         ,2000,M12,3.1,
JTU000000460000000JOL         ,2000,M12,13.0,
JTU000000460000000JOR         ,2000,M12,3.3,
JTU000000460000000LDL         ,2000,M12,8.0,
JTU000000460000000LDR         ,2000,M12,2.2,
JTU000000460000000QUL         ,2000,M12,8.0,
JTU000000460000000QUR         ,2000,M12,2.2,
JTU000000460000000TSL         ,2000,M12,17.0,
JTU000000460000000TSR         ,2000,M12,4.6,
JTU000000470000000HIL         ,2000,M12,84.0,
JTU000000470000000HIR         ,2000,M12,3.0,
JTU000000470000000JOL         ,2000,M12,80.0,
JTU000000470000000JOR         ,2000,M12,2.8,
JTU000000470000000LDL         ,2000,M12,47.0,
JTU000000470000000LDR         ,2000,M12,1.7,
JTU000000470000000QUL         ,2000,M12,51.0,
JTU000000470000000QUR         ,2000,M12,1.8,
JTU000000470000000TSL         ,2000,M12,105.0,
JTU000000470000000TSR         ,2000,M12,3.8,
JTU000000480000000HIL         ,2000,M12,335.0,
JTU000000480000000HIR         ,2000,M12,3.5,
JTU000000480000000JOL         ,2000,M12,285.0,
JTU000000480000000JOR         ,2000,M12,2.9,
JTU000000480000000LDL         ,2000,M12,144.0,
JTU000000480000000LDR         ,2000,M12,1.5,
JTU000000480000000QUL         ,2000,M12,187.0,
JTU000000480000000QUR         ,2000,M12,1.9,
JTU000000480000000TSL         ,2000,M12,354.0,
JTU000000480000000TSR         ,2000,M12,3.7,
JTU000000490000000HIL         ,2000,M12,43.0,
JTU000000490000000HIR         ,2000,M12,3.9,
JTU000000490000000JOL         ,2000,M12,36.0,
JTU000000490000000JOR         ,2000,M12,3.2,
JTU000000490000000LDL         ,2000,M12,25.0,
JTU000000490000000LDR         ,2000,M12,2.3,
JTU000000490000000QUL         ,2000,M12,21.0,
JTU000000490000000QUR         ,2000,M12,1.9,
JTU000000490000000TSL         ,2000,M12,49.0,
JTU000000490000000TSR         ,2000,M12,4.4,
JTU000000500000000HIL         ,2000,M12,13.0,
JTU000000500000000HIR         ,2000,M12,4.1,
JTU000000500000000JOL         ,2000,M12,17.0,
JTU000000500000000JOR         ,2000,M12,5.2,
JTU000000500000000LDL         ,2000,M12,6.0,
JTU000000500000000LDR         ,2000,M12,1.9,
JTU000000500000000QUL         ,2000,M12,5.0,
JTU000000500000000QUR         ,2000,M12,1.5,
JTU000000500000000TSL         ,2000,M12,11.0,
JTU000000500000000TSR         ,2000,M12,3.6,
JTU000000510000000HIL         ,2000,M12,108.0,
JTU000000510000000HIR         ,2000,M12,3.0,
JTU000000510000000JOL         ,2000,M12,116.0,
JTU000000510000000JOR         ,2000,M12,3.1,
JTU000000510000000LDL         ,2000,M12,48.0,
JTU000000510000000LDR         ,2000,M12,1.3,
JTU000000510000000QUL         ,2000,M12,67.0,
JTU000000510000000QUR         ,2000,M12,1.8,
JTU000000510000000TSL         ,2000,M12,123.0,
JTU000000510000000TSR         ,2000,M12,3.4,
JTU000000530000000HIL         ,2000,M12,102.0,
JTU000000530000000HIR         ,2000,M12,3.7,
JTU000000530000000JOL         ,2000,M12,98.0,
JTU000000530000000JOR         ,2000,M12,3.4,
JTU000000530000000LDL         ,2000,M12,67.0,
JTU000000530000000LDR         ,2000,M12,2.4,
JTU000000530000000QUL         ,2000,M12,64.0,
JTU000000530000000QUR         ,2000,M12,2.3,
JTU000000530000000TSL         ,2000,M12,141.0,
JTU000000530000000TSR         ,2000,M12,5.1,
JTU000000540000000HIL         ,2000,M12,25.0,
JTU000000540000000HIR         ,2000,M12,3.5,
JTU000000540000000JOL         ,2000,M12,26.0,
JTU000000540000000JOR         ,2000,M12,3.5,
JTU000000540000000LDL         ,2000,M12,14.0,
JTU000000540000000LDR         ,2000,M12,2.0,
JTU000000540000000QUL         ,2000,M12,15.0,
JTU000000540000000QUR         ,2000,M12,2.1,
JTU000000540000000TSL         ,2000,M12,31.0,
JTU000000540000000TSR         ,2000,M12,4.4,
JTU000000550000000HIL         ,2000,M12,75.0,
JTU000000550000000HIR         ,2000,M12,2.6,
JTU000000550000000JOL         ,2000,M12,89.0,
JTU000000550000000JOR         ,2000,M12,3.0,
JTU000000550000000LDL         ,2000,M12,59.0,
JTU000000550000000LDR         ,2000,M12,2.1,
JTU000000550000000QUL         ,2000,M12,55.0,
JTU000000550000000QUR         ,2000,M12,1.9,
JTU000000550000000TSL         ,2000,M12,121.0,
JTU000000550000000TSR         ,2000,M12,4.2,
JTU000000560000000HIL         ,2000,M12,12.0,
JTU000000560000000HIR         ,2000,M12,5.1,
JTU000000560000000JOL         ,2000,M12,9.0,
JTU000000560000000JOR         ,2000,M12,3.6,
JTU000000560000000LDL         ,2000,M12,7.0,
JTU000000560000000LDR         ,2000,M12,3.1,
JTU000000560000000QUL         ,2000,M12,6.0,
JTU000000560000000QUR         ,2000,M12,2.7,
JTU000000560000000TSL         ,2000,M12,15.0,
JTU000000560000000TSR         ,2000,M12,6.2,
JTU000000MW0000000HIL         ,2000,M12,920.0,
JTU000000MW0000000HIR         ,2000,M12,2.9,
JTU000000MW0000000JOL         ,2000,M12,1027.0,
JTU000000MW0000000JOR         ,2000,M12,3.1,
JTU000000MW0000000LDL         ,2000,M12,668.0,
JTU000000MW0000000LDR         ,2000,M12,2.1,
JTU000000MW0000000OSL         ,2000,M12,61.0,
JTU000000MW0000000OSR         ,2000,M12,0.2,
JTU000000MW0000000QUL         ,2000,M12,603.0,
JTU000000MW0000000QUR         ,2000,M12,1.9,
JTU000000MW0000000TSL         ,2000,M12,1331.0,
JTU000000MW0000000TSR         ,2000,M12,4.2,
JTU000000NE0000000HIL         ,2000,M12,629.0,
JTU000000NE0000000HIR         ,2000,M12,2.5,
JTU000000NE0000000JOL         ,2000,M12,785.0,
JTU000000NE0000000JOR         ,2000,M12,3.0,
JTU000000NE0000000LDL         ,2000,M12,395.0,
JTU000000NE0000000LDR         ,2000,M12,1.5,
JTU000000NE0000000OSL         ,2000,M12,54.0,
JTU000000NE0000000OSR         ,2000,M12,0.2,
JTU000000NE0000000QUL         ,2000,M12,355.0,
JTU000000NE0000000QUR         ,2000,M12,1.4,
JTU000000NE0000000TSL         ,2000,M12,803.0,
JTU000000NE0000000TSR         ,2000,M12,3.1,
JTU000000SO0000000HIL         ,2000,M12,1477.0,
JTU000000SO0000000HIR         ,2000,M12,3.1,
JTU000000SO0000000JOL         ,2000,M12,1380.0,
JTU000000SO0000000JOR         ,2000,M12,2.9,
JTU000000SO0000000LDL         ,2000,M12,653.0,
JTU000000SO0000000LDR         ,2000,M12,1.4,
JTU000000SO0000000OSL         ,2000,M12,109.0,
JTU000000SO0000000OSR         ,2000,M12,0.2,
JTU000000SO0000000QUL         ,2000,M12,815.0,
JTU000000SO0000000QUR         ,2000,M12,1.7,
JTU000000SO0000000TSL         ,2000,M12,1578.0,
JTU000000SO0000000TSR         ,2000,M12,3.4,
JTU000000WE0000000HIL         ,2000,M12,1114.0,
JTU000000WE0000000HIR         ,2000,M12,3.8,
JTU000000WE0000000JOL         ,2000,M12,1143.0,
JTU000000WE0000000JOR         ,2000,M12,3.8,
JTU000000WE0000000LDL         ,2000,M12,579.0,
JTU000000WE0000000LDR         ,2000,M12,2.0,
JTU000000WE0000000OSL         ,2000,M12,90.0,
JTU000000WE0000000OSR         ,2000,M12,0.3,
JTU000000WE0000000QUL         ,2000,M12,558.0,
JTU000000WE0000000QUR         ,2000,M12,1.9,
JTU000000WE0000000TSL         ,2000,M12,1227.0,
JTU000000WE0000000TSR         ,2000,M12,4.2,
JTU100000000000000HIL         ,2000,M12,3907.0,
JTU100000000000000HIR         ,2000,M12,3.5,
JTU100000000000000JOL         ,2000,M12,3870.0,
JTU100000000000000JOR         ,2000,M12,3.3,
JTU100000000000000LDL         ,2000,M12,2201.0,
JTU100000000000000LDR         ,2000,M12,2.0,
JTU100000000000000OSL         ,2000,M12,276.0,
JTU100000000000000OSR         ,2000,M12,0.2,
JTU100000000000000QUL         ,2000,M12,2223.0,
JTU100000000000000QUR         ,2000,M12,2.0,
JTU100000000000000TSL         ,2000,M12,4700.0,
JTU100000000000000TSR         ,2000,M12,4.2,
JTU100000000000001HIL         ,2000,M12,406.0,
JTU100000000000001HIR         ,2000,M12,2.7,
JTU100000000000001JOL         ,2000,M12,471.0,
JTU100000000000001JOR         ,2000,M12,3.1,
JTU100000000000001LDL         ,2000,M12,115.0,
JTU100000000000001LDR         ,2000,M12,0.8,
JTU100000000000001OSL         ,2000,M12,45.0,
JTU100000000000001OSR         ,2000,M12,0.3,
JTU100000000000001QUL         ,2000,M12,273.0,
JTU100000000000001QUR         ,2000,M12,1.8,
JTU100000000000001TSL         ,2000,M12,433.0,
JTU100000000000001TSR         ,2000,M12,2.9,
JTU100000000000002HIL         ,2000,M12,1139.0,
JTU100000000000002HIR         ,2000,M12,3.6,
JTU100000000000002JOL         ,2000,M12,1010.0,
JTU100000000000002JOR         ,2000,M12,3.1,
JTU100000000000002LDL         ,2000,M12,611.0,
JTU100000000000002LDR         ,2000,M12,1.9,
JTU100000000000002OSL         ,2000,M12,89.0,
JTU100000000000002OSR         ,2000,M12,0.3,
JTU100000000000002QUL         ,2000,M12,690.0,
JTU100000000000002QUR         ,2000,M12,2.2,
JTU100000000000002TSL         ,2000,M12,1390.0,
JTU100000000000002TSR         ,2000,M12,4.3,
JTU100000000000003HIL         ,2000,M12,1534.0,
JTU100000000000003HIR         ,2000,M12,4.3,
JTU100000000000003JOL         ,2000,M12,1245.0,
JTU100000000000003JOR         ,2000,M12,3.4,
JTU100000000000003LDL         ,2000,M12,996.0,
JTU100000000000003LDR         ,2000,M12,2.8,
JTU100000000000003OSL         ,2000,M12,75.0,
JTU100000000000003OSR         ,2000,M12,0.2,
JTU100000000000003QUL         ,2000,M12,803.0,
JTU100000000000003QUR         ,2000,M12,2.3,
JTU100000000000003TSL         ,2000,M12,1874.0,
JTU100000000000003TSR         ,2000,M12,5.3,
JTU100000000000004HIL         ,2000,M12,586.0,
JTU100000000000004HIR         ,2000,M12,3.1,
JTU100000000000004JOL         ,2000,M12,648.0,
JTU100000000000004JOR         ,2000,M12,3.3,
JTU100000000000004LDL         ,2000,M12,357.0,
JTU100000000000004LDR         ,2000,M12,1.9,
JTU100000000000004OSL         ,2000,M12,44.0,
JTU100000000000004OSR         ,2000,M12,0.2,
JTU100000000000004QUL         ,2000,M12,326.0,
JTU100000000000004QUR         ,2000,M12,1.7,
JTU100000000000004TSL         ,2000,M12,727.0,
JTU100000000000004TSR         ,2000,M12,3.9,
JTU100000000000005HIL         ,2000,M12,185.0,
JTU100000000000005HIR         ,2000,M12,2.3,
JTU100000000000005JOL         ,2000,M12,378.0,
JTU100000000000005JOR         ,2000,M12,4.5,
JTU100000000000005LDL         ,2000,M12,94.0,
JTU100000000000005LDR         ,2000,M12,1.2,
JTU100000000000005OSL         ,2000,M12,17.0,
JTU100000000000005OSR         ,2000,M12,0.2,
JTU100000000000005QUL         ,2000,M12,95.0,
JTU100000000000005QUR         ,2000,M12,1.2,
JTU100000000000005TSL         ,2000,M12,206.0,
JTU100000000000005TSR         ,2000,M12,2.6,
JTU100000000000006HIL         ,2000,M12,57.0,
JTU100000000000006HIR         ,2000,M12,1.7,
JTU100000000000006JOL         ,2000,M12,119.0,
JTU100000000000006JOR         ,2000,M12,3.5,
JTU100000000000006LDL         ,2000,M12,27.0,
JTU100000000000006LDR         ,2000,M12,0.8,
JTU100000000000006OSL         ,2000,M12,7.0,
JTU100000000000006OSR         ,2000,M12,0.2,
JTU100000000000006QUL         ,2000,M12,36.0,
JTU100000000000006QUR         ,2000,M12,1.1,
JTU100000000000006TSL         ,2000,M12,70.0,
JTU100000000000006TSR         ,2000,M12,2.1,
JTU110099000000000HIL         ,2000,M12,16.0,
JTU110099000000000HIR         ,2000,M12,2.7,
JTU110099000000000JOL         ,2000,M12,7.0,
JTU110099000000000JOR         ,2000,M12,1.1,
JTU110099000000000LDL         ,2000,M12,22.0,
JTU110099000000000LDR         ,2000,M12,3.6,
JTU110099000000000OSL         ,2000,M12,0.0,
JTU110099000000000OSR         ,2000,M12,0.1,
JTU110099000000000QUL         ,2000,M12,5.0,
JTU110099000000000QUR         ,2000,M12,0.9,
JTU110099000000000TSL         ,2000,M12,28.0,
JTU110099000000000TSR         ,2000,M12,4.6,
JTU230000000000000HIL         ,2000,M12,263.0,
JTU230000000000000HIR         ,2000,M12,3.9,
JTU230000000000000JOL         ,2000,M12,172.0,
JTU230000000000000JOR         ,2000,M12,2.5,
JTU230000000000000LDL         ,2000,M12,384.0,
JTU230000000000000LDR         ,2000,M12,5.7,
JTU230000000000000OSL         ,2000,M12,24.0,
JTU230000000000000OSR         ,2000,M12,0.4,
JTU230000000000000QUL         ,2000,M12,71.0,
JTU230000000000000QUR         ,2000,M12,1.1,
JTU230000000000000TSL         ,2000,M12,480.0,
JTU230000000000000TSR         ,2000,M12,7.2,
JTU300000000000000HIL         ,2000,M12,359.0,
JTU300000000000000HIR         ,2000,M12,2.1,
JTU300000000000000JOL         ,2000,M12,374.0,
JTU300000000000000JOR         ,2000,M12,2.1,
JTU300000000000000LDL         ,2000,M12,232.0,
JTU300000000000000LDR         ,2000,M12,1.3,
JTU300000000000000OSL         ,2000,M12,45.0,
JTU300000000000000OSR         ,2000,M12,0.3,
JTU300000000000000QUL         ,2000,M12,217.0,
JTU300000000000000QUR         ,2000,M12,1.3,
JTU300000000000000TSL         ,2000,M12,494.0,
JTU300000000000000TSR         ,2000,M12,2.9,
JTU320000000000000HIL         ,2000,M12,189.0,
JTU320000000000000HIR         ,2000,M12,1.7,
JTU320000000000000JOL         ,2000,M12,270.0,
JTU320000000000000JOR         ,2000,M12,2.4,
JTU320000000000000LDL         ,2000,M12,118.0,
JTU320000000000000LDR         ,2000,M12,1.1,
JTU320000000000000OSL         ,2000,M12,35.0,
JTU320000000000000OSR         ,2000,M12,0.3,
JTU320000000000000QUL         ,2000,M12,107.0,
JTU320000000000000QUR         ,2000,M12,1.0,
JTU320000000000000TSL         ,2000,M12,260.0,
JTU320000000000000TSR         ,2000,M12,2.4,
JTU340000000000000HIL         ,2000,M12,169.0,
JTU340000000000000HIR         ,2000,M12,2.7,
JTU340000000000000JOL         ,2000,M12,104.0,
JTU340000000000000JOR         ,2000,M12,1.6,
JTU340000000000000LDL         ,2000,M12,114.0,
JTU340000000000000LDR         ,2000,M12,1.8,
JTU340000000000000OSL         ,2000,M12,10.0,
JTU340000000000000OSR         ,2000,M12,0.2,
JTU340000000000000QUL         ,2000,M12,110.0,
JTU340000000000000QUR         ,2000,M12,1.7,
JTU340000000000000TSL         ,2000,M12,234.0,
JTU340000000000000TSR         ,2000,M12,3.7,
JTU400000000000000HIL         ,2000,M12,1053.0,
JTU400000000000000HIR         ,2000,M12,3.9,
JTU400000000000000JOL         ,2000,M12,632.0,
JTU400000000000000JOR         ,2000,M12,2.3,
JTU400000000000000LDL         ,2000,M12,678.0,
JTU400000000000000LDR         ,2000,M12,2.5,
JTU400000000000000OSL         ,2000,M12,72.0,
JTU400000000000000OSR         ,2000,M12,0.3,
JTU400000000000000QUL         ,2000,M12,549.0,
JTU400000000000000QUR         ,2000,M12,2.0,
JTU400000000000000TSL         ,2000,M12,1299.0,
JTU400000000000000TSR         ,2000,M12,4.8,
JTU420000000000000HIL         ,2000,M12,94.0,
JTU420000000000000HIR         ,2000,M12,1.6,
JTU420000000000000JOL         ,2000,M12,167.0,
JTU420000000000000JOR         ,2000,M12,2.8,
JTU420000000000000LDL         ,2000,M12,111.0,
JTU420000000000000LDR         ,2000,M12,1.9,
JTU420000000000000OSL         ,2000,M12,11.0,
JTU420000000000000OSR         ,2000,M12,0.2,
JTU420000000000000QUL         ,2000,M12,45.0,
JTU420000000000000QUR         ,2000,M12,0.8,
JTU420000000000000TSL         ,2000,M12,167.0,
JTU420000000000000TSR         ,2000,M12,2.9,
JTU440000000000000HIL         ,2000,M12,850.0,
JTU440000000000000HIR         ,2000,M12,5.3,
JTU440000000000000JOL         ,2000,M12,372.0,
JTU440000000000000JOR         ,2000,M12,2.3,
JTU440000000000000LDL         ,2000,M12,536.0,
JTU440000000000000LDR         ,2000,M12,3.3,
JTU440000000000000OSL         ,2000,M12,30.0,
JTU440000000000000OSR         ,2000,M12,0.2,
JTU440000000000000QUL         ,2000,M12,454.0,
JTU440000000000000QUR         ,2000,M12,2.8,
JTU440000000000000TSL         ,2000,M12,1020.0,
JTU440000000000000TSR         ,2000,M12,6.4,
JTU480099000000000HIL         ,2000,M12,109.0,
JTU480099000000000HIR         ,2000,M12,2.1,
JTU480099000000000JOL         ,2000,M12,93.0,
JTU480099000000000JOR         ,2000,M12,1.8,
JTU480099000000000LDL         ,2000,M12,30.0,
JTU480099000000000LDR         ,2000,M12,0.6,
JTU480099000000000OSL         ,2000,M12,31.0,
JTU480099000000000OSR         ,2000,M12,0.6,
JTU480099000000000QUL         ,2000,M12,50.0,
JTU480099000000000QUR         ,2000,M12,1.0,
JTU480099000000000TSL         ,2000,M12,111.0,
JTU480099000000000TSR         ,2000,M12,2.2,
JTU510000000000000HIL         ,2000,M12,78.0,
JTU510000000000000HIR         ,2000,M12,2.1,
JTU510000000000000JOL         ,2000,M12,130.0,
JTU510000000000000JOR         ,2000,M12,3.4,
JTU510000000000000LDL         ,2000,M12,23.0,
JTU510000000000000LDR         ,2000,M12,0.6,
JTU510000000000000OSL         ,2000,M12,7.0,
JTU510000000000000OSR         ,2000,M12,0.2,
JTU510000000000000QUL         ,2000,M12,52.0,
JTU510000000000000QUR         ,2000,M12,1.4,
JTU510000000000000TSL         ,2000,M12,82.0,
JTU510000000000000TSR         ,2000,M12,2.2,
JTU510099000000000HIL         ,2000,M12,193.0,
JTU510099000000000HIR         ,2000,M12,2.5,
JTU510099000000000JOL         ,2000,M12,250.0,
JTU510099000000000JOR         ,2000,M12,3.1,
JTU510099000000000LDL         ,2000,M12,28.0,
JTU510099000000000LDR         ,2000,M12,0.4,
JTU510099000000000OSL         ,2000,M12,22.0,
JTU510099000000000OSR         ,2000,M12,0.3,
JTU510099000000000QUL         ,2000,M12,148.0,
JTU510099000000000QUR         ,2000,M12,1.9,
JTU510099000000000TSL         ,2000,M12,198.0,
JTU510099000000000TSR         ,2000,M12,2.5,
JTU520000000000000HIL         ,2000,M12,142.0,
JTU520000000000000HIR         ,2000,M12,2.5,
JTU520000000000000JOL         ,2000,M12,187.0,
JTU520000000000000JOR         ,2000,M12,3.1,
JTU520000000000000LDL         ,2000,M12,24.0,
JTU520000000000000LDR         ,2000,M12,0.4,
JTU520000000000000OSL         ,2000,M12,14.0,
JTU520000000000000OSR         ,2000,M12,0.2,
JTU520000000000000QUL         ,2000,M12,97.0,
JTU520000000000000QUR         ,2000,M12,1.7,
JTU520000000000000TSL         ,2000,M12,135.0,
JTU520000000000000TSR         ,2000,M12,2.3,
JTU530000000000000HIL         ,2000,M12,50.0,
JTU530000000000000HIR         ,2000,M12,2.5,
JTU530000000000000JOL         ,2000,M12,63.0,
JTU530000000000000JOR         ,2000,M12,3.0,
JTU530000000000000LDL         ,2000,M12,5.0,
JTU530000000000000LDR         ,2000,M12,0.2,
JTU530000000000000OSL         ,2000,M12,8.0,
JTU530000000000000OSR         ,2000,M12,0.4,
JTU530000000000000QUL         ,2000,M12,50.0,
JTU530000000000000QUR         ,2000,M12,2.5,
JTU530000000000000TSL         ,2000,M12,63.0,
JTU530000000000000TSR         ,2000,M12,3.1,
JTU540099000000000HIL         ,2000,M12,799.0,
JTU540099000000000HIR         ,2000,M12,4.7,
JTU540099000000000JOL         ,2000,M12,747.0,
JTU540099000000000JOR         ,2000,M12,4.2,
JTU540099000000000LDL         ,2000,M12,504.0,
JTU540099000000000LDR         ,2000,M12,3.0,
JTU540099000000000OSL         ,2000,M12,43.0,
JTU540099000000000OSR         ,2000,M12,0.3,
JTU540099000000000QUL         ,2000,M12,377.0,
JTU540099000000000QUR         ,2000,M12,2.2,
JTU540099000000000TSL         ,2000,M12,924.0,
JTU540099000000000TSR         ,2000,M12,5.5,
JTU600000000000000HIL         ,2000,M12,371.0,
JTU600000000000000HIR         ,2000,M12,2.4,
JTU600000000000000JOL         ,2000,M12,828.0,
JTU600000000000000JOR         ,2000,M12,5.0,
JTU600000000000000LDL         ,2000,M12,106.0,
JTU600000000000000LDR         ,2000,M12,0.7,
JTU600000000000000OSL         ,2000,M12,32.0,
JTU600000000000000OSR         ,2000,M12,0.2,
JTU600000000000000QUL         ,2000,M12,257.0,
JTU600000000000000QUR         ,2000,M12,1.6,
JTU600000000000000TSL         ,2000,M12,394.0,
JTU600000000000000TSR         ,2000,M12,2.5,
JTU610000000000000HIL         ,2000,M12,30.0,
JTU610000000000000HIR         ,2000,M12,1.2,
JTU610000000000000JOL         ,2000,M12,45.0,
JTU610000000000000JOR         ,2000,M12,1.7,
JTU610000000000000LDL         ,2000,M12,10.0,
JTU610000000000000LDR         ,2000,M12,0.4,
JTU610000000000000OSL         ,2000,M12,5.0,
JTU610000000000000OSR         ,2000,M12,0.2,
JTU610000000000000QUL         ,2000,M12,14.0,
JTU610000000000000QUR         ,2000,M12,0.6,
JTU610000000000000TSL         ,2000,M12,30.0,
JTU610000000000000TSR         ,2000,M12,1.2,
JTU620000000000000HIL         ,2000,M12,341.0,
JTU620000000000000HIR         ,2000,M12,2.6,
JTU620000000000000JOL         ,2000,M12,783.0,
JTU620000000000000JOR         ,2000,M12,5.7,
JTU620000000000000LDL         ,2000,M12,95.0,
JTU620000000000000LDR         ,2000,M12,0.7,
JTU620000000000000OSL         ,2000,M12,27.0,
JTU620000000000000OSR         ,2000,M12,0.2,
JTU620000000000000QUL         ,2000,M12,242.0,
JTU620000000000000QUR         ,2000,M12,1.9,
JTU620000000000000TSL         ,2000,M12,365.0,
JTU620000000000000TSR         ,2000,M12,2.8,
JTU700000000000000HIL         ,2000,M12,680.0,
JTU700000000000000HIR         ,2000,M12,5.8,
JTU700000000000000JOL         ,2000,M12,456.0,
JTU700000000000000JOR         ,2000,M12,3.8,
JTU700000000000000LDL         ,2000,M12,199.0,
JTU700000000000000LDR         ,2000,M12,1.7,
JTU700000000000000OSL         ,2000,M12,28.0,
JTU700000000000000OSR         ,2000,M12,0.2,
JTU700000000000000QUL         ,2000,M12,470.0,
JTU700000000000000QUR         ,2000,M12,4.0,
JTU700000000000000TSL         ,2000,M12,697.0,
JTU700000000000000TSR         ,2000,M12,6.0,
JTU710000000000000HIL         ,2000,M12,105.0,
JTU710000000000000HIR         ,2000,M12,6.4,
JTU710000000000000JOL         ,2000,M12,24.0,
JTU710000000000000JOR         ,2000,M12,1.4,
JTU710000000000000LDL         ,2000,M12,66.0,
JTU710000000000000LDR         ,2000,M12,4.1,
JTU710000000000000OSL         ,2000,M12,6.0,
JTU710000000000000OSR         ,2000,M12,0.4,
JTU710000000000000QUL         ,2000,M12,27.0,
JTU710000000000000QUR         ,2000,M12,1.6,
JTU710000000000000TSL         ,2000,M12,99.0,
JTU710000000000000TSR         ,2000,M12,6.1,
JTU720000000000000HIL         ,2000,M12,575.0,
JTU720000000000000HIR         ,2000,M12,5.7,
JTU720000000000000JOL         ,2000,M12,432.0,
JTU720000000000000JOR         ,2000,M12,4.1,
JTU720000000000000LDL         ,2000,M12,133.0,
JTU720000000000000LDR         ,2000,M12,1.3,
JTU720000000000000OSL         ,2000,M12,22.0,
JTU720000000000000OSR         ,2000,M12,0.2,
JTU720000000000000QUL         ,2000,M12,443.0,
JTU720000000000000QUR         ,2000,M12,4.4,
JTU720000000000000TSL         ,2000,M12,598.0,
JTU720000000000000TSR         ,2000,M12,5.9,
JTU810000000000000HIL         ,2000,M12,95.0,
JTU810000000000000HIR         ,2000,M12,1.8,
JTU810000000000000JOL         ,2000,M12,275.0,
JTU810000000000000JOR         ,2000,M12,5.0,
JTU810000000000000LDL         ,2000,M12,26.0,
JTU810000000000000LDR         ,2000,M12,0.5,
JTU810000000000000OSL         ,2000,M12,2.0,
JTU810000000000000OSR         ,2000,M12,0.0,
JTU810000000000000QUL         ,2000,M12,78.0,
JTU810000000000000QUR         ,2000,M12,1.5,
JTU810000000000000TSL         ,2000,M12,105.0,
JTU810000000000000TSR         ,2000,M12,2.0,
JTU900000000000000HIL         ,2000,M12,234.0,
JTU900000000000000HIR         ,2000,M12,1.1,
JTU900000000000000JOL         ,2000,M12,465.0,
JTU900000000000000JOR         ,2000,M12,2.1,
JTU900000000000000LDL         ,2000,M12,94.0,
JTU900000000000000LDR         ,2000,M12,0.4,
JTU900000000000000OSL         ,2000,M12,37.0,
JTU900000000000000OSR         ,2000,M12,0.2,
JTU900000000000000QUL         ,2000,M12,109.0,
JTU900000000000000QUR         ,2000,M12,0.5,
JTU900000000000000TSL         ,2000,M12,240.0,
JTU900000000000000TSR         ,2000,M12,1.1,
JTU910000000000000HIL         ,2000,M12,54.0,
JTU910000000000000HIR         ,2000,M12,2.0,
JTU910000000000000JOL         ,2000,M12,55.0,
JTU910000000000000JOR         ,2000,M12,1.9,
JTU910000000000000LDL         ,2000,M12,8.0,
JTU910000000000000LDR         ,2000,M12,0.3,
JTU910000000000000OSL         ,2000,M12,7.0,
JTU910000000000000OSR         ,2000,M12,0.3,
JTU910000000000000QUL         ,2000,M12,11.0,
JTU910000000000000QUR         ,2000,M12,0.4,
JTU910000000000000TSL         ,2000,M12,27.0,
JTU910000000000000TSR         ,2000,M12,1.0,
JTU920000000000000HIL         ,2000,M12,180.0,
JTU920000000000000HIR         ,2000,M12,1.0,
JTU920000000000000JOL         ,2000,M12,410.0,
JTU920000000000000JOR         ,2000,M12,2.2,
JTU920000000000000LDL         ,2000,M12,86.0,
JTU920000000000000LDR         ,2000,M12,0.5,
JTU920000000000000OSL         ,2000,M12,30.0,
JTU920000000000000OSR         ,2000,M12,0.2,
JTU920000000000000QUL         ,2000,M12,97.0,
JTU920000000000000QUR         ,2000,M12,0.5,
JTU920000000000000TSL         ,2000,M12,213.0,
JTU920000000000000TSR         ,2000,M12,1.2,
JTU923000000000000HIL         ,2000,M12,75.0,
JTU923000000000000HIR         ,2000,M12,0.8,
JTU923000000000000JOL         ,2000,M12,133.0,
JTU923000000000000JOR         ,2000,M12,1.3,
JTU923000000000000LDL         ,2000,M12,42.0,
JTU923000000000000LDR         ,2000,M12,0.4,
JTU923000000000000OSL         ,2000,M12,11.0,
JTU923000000000000OSR         ,2000,M12,0.1,
JTU923000000000000QUL         ,2000,M12,45.0,
JTU923000000000000QUR         ,2000,M12,0.5,
JTU923000000000000TSL         ,2000,M12,98.0,
JTU923000000000000TSR         ,2000,M12,1.0,
JTU929000000000000HIL         ,2000,M12,105.0,
JTU929000000000000HIR         ,2000,M12,1.2,
JTU929000000000000JOL         ,2000,M12,277.0,
JTU929000000000000JOR         ,2000,M12,3.1,
JTU929000000000000LDL         ,2000,M12,44.0,
JTU929000000000000LDR         ,2000,M12,0.5,
JTU929000000000000OSL         ,2000,M12,19.0,
JTU929000000000000OSR         ,2000,M12,0.2,
JTU929000000000000QUL         ,2000,M12,52.0,
JTU929000000000000QUR         ,2000,M12,0.6,
JTU929000000000000TSL         ,2000,M12,115.0,
JTU929000000000000TSR         ,2000,M12,1.3,
